,gene_group,associated_uniprot_IDs,associated_reactions
1,b0241,P02932,12PPDRtex;12PPDStex;23CAMPtex;23CCMPtex;23CGMPtex;23CUMPtex;23DAPPAtex;26DAHtex;2DGLCtex;34dhpactex;3AMPtex;3CMPtex;3GMPtex;3HPPtex;3PEPTtex;3UMPtex;4ABZGLUtex;4HOXPACDtex;4PEPTtex;5DGLCNtex;5MTRtex;ABUTtex;ACACtex;ACALDtex;ACGAL1Ptex;ACGALtex;ACGAM1Ptex;ACGAtex;ACMANAtex;ACMUMtex;ACSERtex;ACtex;ADEtex;AGMtex;AI2tex;AKGtex;ALAALAtex;ALAtex;ALLTNtex;ALLtex;AMPtex;ANHGMtex;ARBTtex;ARBtex;ARGtex;ASCBtex;ASNtex;ASO3tex;ASPtex;BALAtex;BTNtex;BUTSO3tex;BUTtex;CA2tex;CD2tex;CGLYtex;CHLtex;CHTBStex;CITtex;CLBtex;CLtex;CMPtex;CMtex;CO2tex;COBALT2tex;CRNDtex;CRNtex;CS1tex;CSNtex;CU2tex;CUtex;CYANtex;CYNTtex;CYSDtex;CYSItex;CYStex;CYTDtex;DALAtex;DAMPtex;DAPtex;DCAtex;DCMPtex;DDGLCNtex;DGMPtex;DGSNtex;DHAtex;DIMPtex;DINStex;DMSOtex;DMStex;DOPAtex;DOXRBCNtex;DSERtex;DTMPtex;DUMPtex;D_LACtex;ETHAtex;ETHSO3tex;ETOHtex;F6Ptex;FADtex;FALDtex;FE2tex;FE3tex;FMNtex;FORtex;FRULYStex;FRUURtex;FRUtex;FUCtex;FUMtex;FUSAtex;Ftex;G1Ptex;G3PCtex;G3PEtex;G3PGtex;G3PItex;G3PStex;G6Ptex;GAL1Ptex;GALBDtex;GALCTNLtex;GALCTNtex;GALCTtex;GALTtex;GALURtex;GALtex;GAMAN6Ptex;GAMtex;GBBTNtex;GDPtex;GLCNtex;GLCRtex;GLCUR1Ptex;GLCURtex;GLCtex_copy2;GLNtex;GLUtex;GLYALDtex;GLYBtex;GLYC2Ptex;GLYC3Ptex;GLYCAtex;GLYCLTtex;GLYCtex;GLYtex;GMPtex;GSNtex;GTHOXtex;GTHRDtex;GTPtex;H2O2tex;H2Otex;H2Stex;H2tex;HCINNMtex;HG2tex;HIStex;HOMtex;HPPPNtex;HXAtex;HYXNtex;Htex;IDONtex;ILEtex;IMPtex;INDOLEtex;INSTtex;ISETACtex;Ktex;LALADGLUtex;LALALGLUtex;LCTStex;LEUtex;LIPOtex;LYStex;LYXtex;L_LACtex;MALDtex;MALtex;MAN6Ptex;MANGLYCtex;MANtex;MELIBtex;MEOHtex;MEPNtex;METDtex;METGLCURtex;METSOX1tex;METSOX2tex;METtex;MG2tex;MINCYCtex;MMETtex;MNLtex;MNtex;MOBDtex;MSO3tex;N2Otex;NACtex;NAtex;NH4tex;NI2tex;NMNtex;NO2tex;NO3tex;NOtex;O2Stex;O2tex;OCTAtex;ORNtex;OROTtex;PACALDtex;PEAMNtex;PHEtex;PItex;PNTOtex;PPALtex;PPAtex;PPPNtex;PPTtex;PROGLYtex;PROtex;PSCLYStex;PSERtex;PSURItex;PTRCtex;PYDAMtex;PYDXNtex;PYDXtex;PYRtex;QUIN2tex;R5Ptex;RIBtex;RMNtex;SBTtex;SELtex;SERtex;SKMtex;SLNTtex;SO2tex;SO3tex;SO4tex;SPMDtex;SUCCtex;SUCRtex;SULFACtex;TARTRDtex;TARTRtex;TAURtex;TCYNTtex;THMDtex;THMtex;THRPtex;THRtex;THYMtex;TMAOtex;TMAtex;TREtex;TRPtex;TSULtex;TTRCYCtex;TUNGStex;TYMtex;TYRPtex;TYRtex;UACGAMtex;UDPACGALtex;UDPGALtex;UDPGLCURtex;UDPGtex;UMPtex;URATEtex;URAtex;UREAtex;VALtex;XANtex;XMPtex;XTSNtex;XYLUtex;XYLtex;Zn2tex
2,b0929,P02931,12PPDRtex;12PPDStex;23CAMPtex;23CCMPtex;23CGMPtex;23CUMPtex;23DAPPAtex;26DAHtex;2DGLCtex;34dhpactex;3AMPtex;3CMPtex;3GMPtex;3HPPtex;3PEPTtex;3UMPtex;4ABZGLUtex;4HOXPACDtex;4PEPTtex;5DGLCNtex;5MTRtex;ABUTtex;ACACtex;ACALDtex;ACGAL1Ptex;ACGALtex;ACGAM1Ptex;ACGAtex;ACMANAtex;ACMUMtex;ACNAMtex;ACSERtex;ACtex;ADEtex;AGMtex;AI2tex;AKGtex;ALAALAtex;ALAtex;ALLTNtex;ALLtex;AMPtex;ANHGMtex;ARBTtex;ARBtex;ARGtex;ASCBtex;ASNtex;ASO3tex;ASPtex;BALAtex;BTNtex;BUTSO3tex;BUTtex;CA2tex;CD2tex;CGLYtex;CHLtex;CHTBStex;CITtex;CLBtex;CLtex;CMPtex;CMtex;CO2tex;COBALT2tex;CRNDtex;CRNtex;CS1tex;CSNtex;CU2tex;CUtex;CYANtex;CYNTtex;CYSDtex;CYSItex;CYStex;CYTDtex;DALAtex;DAMPtex;DAPtex;DCAtex;DCMPtex;DDGLCNtex;DGMPtex;DGSNtex;DHAtex;DIMPtex;DINStex;DMSOtex;DMStex;DOPAtex;DOXRBCNtex;DSERtex;DTMPtex;DUMPtex;DXYLONtex;D_LACtex;ETHAtex;ETHSO3tex;ETOHtex;F6Ptex;FADtex;FALDtex;FE2tex;FE3tex;FMNtex;FORtex;FRULYStex;FRUURtex;FRUtex;FUCtex;FUMtex;FUSAtex;Ftex;G1Ptex;G3PCtex;G3PEtex;G3PGtex;G3PItex;G3PStex;G6Ptex;GAL1Ptex;GALBDtex;GALCTNLtex;GALCTNtex;GALCTtex;GALTtex;GALURtex;GALtex;GAMAN6Ptex;GAMtex;GBBTNtex;GDPtex;GLCNtex;GLCRtex;GLCUR1Ptex;GLCURtex;GLCtex_copy2;GLNtex;GLUtex;GLYALDtex;GLYBtex;GLYC2Ptex;GLYC3Ptex;GLYCAtex;GLYCLTtex;GLYCtex;GLYtex;GMPtex;GSNtex;GTHOXtex;GTHRDtex;GTPtex;H2O2tex;H2Otex;H2Stex;H2tex;HCINNMtex;HG2tex;HIStex;HOMtex;HPPPNtex;HXAtex;HYXNtex;Htex;IDONtex;ILEtex;IMPtex;INDOLEtex;INSTtex;ISETACtex;Ktex;LALADGLUtex;LALALGLUtex;LCTStex;LEUtex;LIPOtex;LYStex;LYXtex;L_LACtex;MALDtex;MALtex;MAN6Ptex;MANGLYCtex;MANtex;MELIBtex;MEOHtex;MEPNtex;METDtex;METGLCURtex;METSOX1tex;METSOX2tex;METtex;MG2tex;MINCYCtex;MMETtex;MNLtex;MNtex;MOBDtex;MSO3tex;N2Otex;NACtex;NAtex;NH4tex;NI2tex;NMNtex;NO2tex;NO3tex;NOtex;O2Stex;O2tex;OCTAtex;ORNtex;OROTtex;PACALDtex;PEAMNtex;PHEtex;PItex;PNTOtex;PPALtex;PPAtex;PPPNtex;PPTtex;PROGLYtex;PROtex;PSCLYStex;PSERtex;PSURItex;PTRCtex;PYDAMtex;PYDXNtex;PYDXtex;PYRtex;QUIN2tex;R5Ptex;RIBtex;RMNtex;SBTtex;SELtex;SERtex;SKMtex;SLNTtex;SO2tex;SO3tex;SO4tex;SPMDtex;SUCCtex;SUCRtex;SULFACtex;TARTRDtex;TARTRtex;TAURtex;TCYNTtex;THMDtex;THMtex;THRPtex;THRtex;THYMtex;TMAOtex;TMAtex;TREtex;TRPtex;TSULtex;TTRCYCtex;TUNGStex;TYMtex;TYRPtex;TYRtex;UACGAMtex;UDPACGALtex;UDPGALtex;UDPGLCURtex;UDPGtex;UMPtex;URATEtex;URAtex;UREAtex;VALtex;XANtex;XMPtex;XTSNtex;XYLUtex;XYLtex;Zn2tex
3,b1377,P77747,12PPDRtex;12PPDStex;23CAMPtex;23CCMPtex;23CGMPtex;23CUMPtex;23DAPPAtex;26DAHtex;2DGLCtex;34dhpactex;3AMPtex;3CMPtex;3GMPtex;3HPPtex;3PEPTtex;3UMPtex;4ABZGLUtex;4HOXPACDtex;4PEPTtex;5DGLCNtex;5MTRtex;ABUTtex;ACACtex;ACALDtex;ACGAL1Ptex;ACGALtex;ACGAM1Ptex;ACGAtex;ACMANAtex;ACMUMtex;ACSERtex;ACtex;ADEtex;AGMtex;AI2tex;AKGtex;ALAALAtex;ALAtex;ALLTNtex;ALLtex;AMPtex;ANHGMtex;ARBTtex;ARBtex;ARGtex;ASCBtex;ASNtex;ASO3tex;ASPtex;BALAtex;BTNtex;BUTSO3tex;BUTtex;CA2tex;CD2tex;CGLYtex;CHLtex;CHTBStex;CITtex;CLBtex;CLtex;CMPtex;CMtex;CO2tex;COBALT2tex;CRNDtex;CRNtex;CS1tex;CSNtex;CU2tex;CUtex;CYANtex;CYNTtex;CYSDtex;CYSItex;CYStex;CYTDtex;DALAtex;DAMPtex;DAPtex;DCAtex;DCMPtex;DDGLCNtex;DGMPtex;DGSNtex;DHAtex;DIMPtex;DINStex;DMSOtex;DMStex;DOPAtex;DOXRBCNtex;DSERtex;DTMPtex;DUMPtex;DXYLONtex;D_LACtex;ETHAtex;ETHSO3tex;ETOHtex;F6Ptex;FADtex;FALDtex;FE2tex;FE3tex;FMNtex;FORtex;FRULYStex;FRUURtex;FRUtex;FUCtex;FUMtex;FUSAtex;Ftex;G1Ptex;G3PCtex;G3PEtex;G3PGtex;G3PItex;G3PStex;G6Ptex;GAL1Ptex;GALBDtex;GALCTNLtex;GALCTNtex;GALCTtex;GALTtex;GALURtex;GALtex;GAMAN6Ptex;GAMtex;GBBTNtex;GDPtex;GLCNtex;GLCRtex;GLCUR1Ptex;GLCURtex;GLCtex_copy2;GLNtex;GLUtex;GLYALDtex;GLYBtex;GLYC2Ptex;GLYC3Ptex;GLYCAtex;GLYCLTtex;GLYCtex;GLYtex;GMPtex;GSNtex;GTHOXtex;GTHRDtex;GTPtex;H2O2tex;H2Otex;H2Stex;H2tex;HCINNMtex;HG2tex;HIStex;HOMtex;HPPPNtex;HXAtex;HYXNtex;Htex;IDONtex;ILEtex;IMPtex;INDOLEtex;INSTtex;ISETACtex;Ktex;LALADGLUtex;LALALGLUtex;LCTStex;LEUtex;LIPOtex;LYStex;LYXtex;L_LACtex;MALDtex;MALtex;MAN6Ptex;MANGLYCtex;MANtex;MELIBtex;MEOHtex;MEPNtex;METDtex;METGLCURtex;METSOX1tex;METSOX2tex;METtex;MG2tex;MINCYCtex;MMETtex;MNLtex;MNtex;MOBDtex;MSO3tex;N2Otex;NACtex;NAtex;NH4tex;NI2tex;NMNtex;NO2tex;NO3tex;NOtex;O2Stex;O2tex;OCTAtex;ORNtex;OROTtex;PACALDtex;PEAMNtex;PHEtex;PItex;PNTOtex;PPALtex;PPAtex;PPPNtex;PPTtex;PROGLYtex;PROtex;PSCLYStex;PSERtex;PSURItex;PTRCtex;PYDAMtex;PYDXNtex;PYDXtex;PYRtex;QUIN2tex;R5Ptex;RIBtex;RMNtex;SBTtex;SELtex;SERtex;SKMtex;SLNTtex;SO2tex;SO3tex;SO4tex;SPMDtex;SUCCtex;SUCRtex;SULFACtex;TARTRDtex;TARTRtex;TAURtex;TCYNTtex;THMDtex;THMtex;THRPtex;THRtex;THYMtex;TMAOtex;TMAtex;TREtex;TRPtex;TSULtex;TTRCYCtex;TUNGStex;TYMtex;TYRPtex;TYRtex;UACGAMtex;UDPACGALtex;UDPGALtex;UDPGLCURtex;UDPGtex;UMPtex;URATEtex;URAtex;UREAtex;VALtex;XANtex;XMPtex;XTSNtex;XYLUtex;XYLtex;Zn2tex
4,b2215,P06996,12PPDRtex;12PPDStex;23CAMPtex;23CCMPtex;23CGMPtex;23CUMPtex;23DAPPAtex;26DAHtex;2DGLCtex;34dhpactex;3AMPtex;3CMPtex;3GMPtex;3HPPtex;3PEPTtex;3UMPtex;4ABZGLUtex;4HOXPACDtex;4PEPTtex;5DGLCNtex;5MTRtex;ABUTtex;ACACtex;ACALDtex;ACGAL1Ptex;ACGALtex;ACGAM1Ptex;ACGAtex;ACMANAtex;ACMUMtex;ACNAMtex;ACSERtex;ACtex;ADEtex;AGMtex;AI2tex;AKGtex;ALAALAtex;ALAtex;ALLTNtex;ALLtex;AMPtex;ANHGMtex;ARBTtex;ARBtex;ARGtex;ASCBtex;ASNtex;ASO3tex;ASPtex;BALAtex;BTNtex;BUTSO3tex;BUTtex;CA2tex;CD2tex;CGLYtex;CHLtex;CHTBStex;CITtex;CLBtex;CLtex;CMPtex;CMtex;CO2tex;COBALT2tex;CRNDtex;CRNtex;CS1tex;CSNtex;CU2tex;CUtex;CYANtex;CYNTtex;CYSDtex;CYSItex;CYStex;CYTDtex;DALAtex;DAMPtex;DAPtex;DCAtex;DCMPtex;DDGLCNtex;DGMPtex;DGSNtex;DHAtex;DIMPtex;DINStex;DMSOtex;DMStex;DOPAtex;DOXRBCNtex;DSERtex;DTMPtex;DUMPtex;DXYLONtex;D_LACtex;ETHAtex;ETHSO3tex;ETOHtex;F6Ptex;FADtex;FALDtex;FE2tex;FE3tex;FMNtex;FORtex;FRULYStex;FRUURtex;FRUtex;FUCtex;FUMtex;FUSAtex;Ftex;G1Ptex;G3PCtex;G3PEtex;G3PGtex;G3PItex;G3PStex;G6Ptex;GAL1Ptex;GALBDtex;GALCTNLtex;GALCTNtex;GALCTtex;GALTtex;GALURtex;GALtex;GAMAN6Ptex;GAMtex;GBBTNtex;GDPtex;GLCNtex;GLCRtex;GLCUR1Ptex;GLCURtex;GLCtex_copy2;GLNtex;GLUtex;GLYALDtex;GLYBtex;GLYC2Ptex;GLYC3Ptex;GLYCAtex;GLYCLTtex;GLYCtex;GLYtex;GMPtex;GSNtex;GTHOXtex;GTHRDtex;GTPtex;H2O2tex;H2Otex;H2Stex;H2tex;HCINNMtex;HG2tex;HIStex;HOMtex;HPPPNtex;HXAtex;HYXNtex;Htex;IDONtex;ILEtex;IMPtex;INDOLEtex;INSTtex;ISETACtex;Ktex;LALADGLUtex;LALALGLUtex;LCTStex;LEUtex;LIPOtex;LYStex;LYXtex;L_LACtex;MALDtex;MALtex;MAN6Ptex;MANGLYCtex;MANtex;MELIBtex;MEOHtex;MEPNtex;METDtex;METGLCURtex;METSOX1tex;METSOX2tex;METtex;MG2tex;MINCYCtex;MMETtex;MNLtex;MNtex;MOBDtex;MSO3tex;N2Otex;NACtex;NAtex;NH4tex;NI2tex;NMNtex;NO2tex;NO3tex;NOtex;O2Stex;O2tex;OCTAtex;ORNtex;OROTtex;PACALDtex;PEAMNtex;PHEtex;PItex;PNTOtex;PPALtex;PPAtex;PPPNtex;PPTtex;PROGLYtex;PROtex;PSCLYStex;PSERtex;PSURItex;PTRCtex;PYDAMtex;PYDXNtex;PYDXtex;PYRtex;QUIN2tex;R5Ptex;RIBtex;RMNtex;SBTtex;SELtex;SERtex;SKMtex;SLNTtex;SO2tex;SO3tex;SO4tex;SPMDtex;SUCCtex;SUCRtex;SULFACtex;TARTRDtex;TARTRtex;TAURtex;TCYNTtex;THMDtex;THMtex;THRPtex;THRtex;THYMtex;TMAOtex;TMAtex;TREtex;TRPtex;TSULtex;TTRCYCtex;TUNGStex;TYMtex;TYRPtex;TYRtex;UACGAMtex;UDPACGALtex;UDPGALtex;UDPGLCURtex;UDPGtex;UMPtex;URATEtex;URAtex;UREAtex;VALtex;XANtex;XMPtex;XTSNtex;XYLUtex;XYLtex;Zn2tex
5,b3011,Q46856,13PPDH2;ALDD2y;ALDD3y
6,b4032;b4033;b4034;b4035,P68183;P02916;P0AEX9;P68187,14GLUCANabcpp;MALTHXabcpp;MALTPTabcpp;MALTTRabcpp;MALTTTRabcpp;MALTabcpp
7,b4036,P02943,14GLUCANtexi;GLCtex_copy1;MALTHXtexi;MALTPTtexi;MALTTRtexi;MALTTTRtexi;MALTtexi
8,b3577;b3578;b3579,P37674;P37675;P37676,23DOGULNt4pp;XYLUt2pp
9,b4213,P08331,23PDE2pp;23PDE4pp;23PDE7pp;23PDE9pp;3NTD2pp;3NTD4pp;3NTD7pp;3NTD9pp
10,b2835,P39196,2AGPA120tipp;2AGPA140tipp;2AGPA141tipp;2AGPA160tipp;2AGPA161tipp;2AGPA180tipp;2AGPA181tipp;2AGPE120tipp;2AGPE140tipp;2AGPE141tipp;2AGPE160tipp;2AGPE161tipp;2AGPE180tipp;2AGPE181tipp;2AGPG120tipp;2AGPG140tipp;2AGPG141tipp;2AGPG160tipp;2AGPG161tipp;2AGPG180tipp;2AGPG181tipp
11,b2836,P31119,2AGPEAT120;2AGPEAT140;2AGPEAT141;2AGPEAT160;2AGPEAT161;2AGPEAT180;2AGPEAT181;2AGPGAT120;2AGPGAT140;2AGPGAT141;2AGPGAT160;2AGPGAT161;2AGPGAT180;2AGPGAT181
12,b4298,P39359,2DDARAA
13,b0268,P75682,2DDARAA
14,b1817;b1818;b1819;b2415;b2416,P69797;P69801;P69805;P0AA04;P08839,2DGLCptspp;ACMANAptspp;FRUpts2pp;GAMptspp;GLCptspp;MANptspp
15,b3553,P37666,2DGULRGx;2DGULRGy;2DGULRx;2DGULRy;DKGLCNR2x;DKGLCNR2y;GLYCLTDx;GLYCLTDy;HPYRRx;HPYRRy
16,b3826,P27848,2DOXG6PP;E4PP;F6PP;G6PP;MN6PP;PYDXPP
17,b1727,P77247,2DOXG6PP;E4PP;GAPP;MN6PP
18,b2293,P77625,2DOXG6PP;E4PP;F1PP;F6PP;G1PP;G6PP;R5PP;RU5PP
19,b0446,P46891,2DOXG6PP;2MAHMP;ACP1_FMN;PYDXPP
20,b2989,Q46845,2HESR
21,b2302,P77526,2HESR
22,b1400,P77181,2HPTCOAT
23,b1134,P0AEI6,2MAHMP;NDP3;TDP
24,b1009,P75895,3AMACHYD
25,b0954,P0A6Q3,3HAD100;3HAD120;3HAD121;3HAD140;3HAD141;3HAD160;3HAD161;3HAD180;3HAD181;3HAD40;3HAD60;3HAD80;T2DECAI
26,b0180,P0A6Q6,3HAD100;3HAD120;3HAD121;3HAD140;3HAD141;3HAD160;3HAD161;3HAD180;3HAD181;3HAD40;3HAD60;3HAD80;OGMEACPD;OPMEACPD
27,b0597,P0A8Y8,3HBZCT
28,b0347,P77397,3HCINNMH;3HPPPNH
29,b1300,P23883,3HPADHi;GGGABADr
30,b3580,P37677,3KGK;XYLK2
31,b0383,P00634,3NTD2pp;3NTD4pp;3NTD4pp;3NTD7pp;3NTD9pp;ACP1p;G1PPpp;G2PPpp;NTD2pp;NTD4pp;NTD7pp;NTD9pp;PPTHpp;PSP_Lpp;PTHRpp;R5PPpp
32,b1093,P0AEK2,3OAR100;3OAR120;3OAR121;3OAR140;3OAR141;3OAR160;3OAR161;3OAR180;3OAR181;3OAR40;3OAR60;3OAR80;OGMEACPR;OPMEACPR
33,b2323,P0A953,3OAS100;3OAS120;3OAS121;3OAS140;3OAS141;3OAS160;3OAS161;3OAS180;3OAS60;3OAS80;KAS14;MACPD;OPMEACPS
34,b1095,P0AAI5,3OAS100;3OAS120;3OAS140;3OAS160;3OAS180;3OAS181;3OAS60;3OAS80;KAS14
35,b1397,P0C7L2,3OXCOAT
36,b1244;b1245;b1246;b1247;b1329,P0AFH2;P0AFH6;P76027;P77737;P77348,3PEPTabcpp
37,b2177;b2178;b2179;b2180,P33913;P0AFU0;P33915;P33916,3PEPTabcpp;4PEPTabcpp
38,b1243;b1244;b1245;b1246;b1247,P23843;P0AFH2;P0AFH6;P76027;P77737,3PEPTabcpp;4PEPTabcpp
39,b3882,P0A9V8,3SLAR;GHBDHx
40,b1386,P46883,42A12BOOXpp;PEAMNOpp;TYROXDApp
41,b1337;b1338,P76052;P77357,4ABZGLUH
42,b1336,P46133,4ABZGLUtr
43,b3240;b3241,P46481;P46482,4HBZt3pp
44,b0870,P75823,4HTHRA;ALATA_D2;ALATA_L2;THRA;THRA2
45,b0003,P00547,4HTHRK;HSK
46,b1192,P76008,4PCP;AGM4PCP;AM4PCP;UM4PCP
47,b2175,P0AFV4,4PCPpp;AGM4PCPpp;MDDEP1pp;MDDEP2pp;MDDEP3pp;MDDEP4pp
48,b4266,P0A9P9,5DGLCNR;5DKGR
49,b4265,P39344,5DGLCNt2rpp;GLCNt2rpp;IDONt2rpp
50,b2842,P37769,5DKGR
51,b0159,P0AF12,5DOAN;AHCYSNS;MTAN
52,b3883,P32143,6D6SFK
53,b3881,P32141,6D6SPA
54,b3197,P45395,A5PISO
55,b2708,P17115,A5PISO
56,b1094;b2836,P0A6A8;P31119,AACPS1;AACPS2;AACPS3;AACPS4;AACPS5;AACPS6;AACPS7;AACPS8;AACPS9
57,b4481,P56258,AADDGT
58,b1927,P26612,AAMYL
59,b3571,P25718,AAMYLpp
60,b2901,Q46829,AB6PGH
61,b3721,P11988,AB6PGH;BGLA1
62,b2716,P24240,AB6PGH;BGLA1
63,b2662,P22256,ABTA;ACOTA;SDPTA
64,b1302,P50457,ABTA;ACOTA;SDPTA
65,b1444,P77674,ABUTD
66,b2663,P25527,ABUTt2pp
67,b2221;b2222,P76458;P76459,ACACCT;BUTCT;HXCT
68,b1694,P37766,ACACCT
69,b2224,P76461,ACACT1r
70,b2342,P76503,ACACT1r;ACACT2r;ACACT3r;ACACT4r;ACACT5r;ACACT6r;ACACT7r;ACACT8r
71,b3845,P21151,ACACT1r;ACACT2r;ACACT3r;ACACT4r;ACACT5r;ACACT6r;ACACT7r;ACACT8r
72,b2223,P76460,ACACt2pp;BUTt2rpp;HEXt2rpp
73,b0351,P77580,ACALD
74,b1241,P0A9Q7,ACALD;ALCD19;ALCD2x
75,s0001,None,ACALDtpp;ACONIs;AOBUTDs;ARBTNexs;ATPHs;CBMD;CO2tpp;CPGNexs;DATPHs;DHGLYH;DHPTDCs2;DMSOtpp;ETOHtrpp;FALDtpp;FALGTHLs;FE3DCITexs;FE3HOXexs;FECRMexs;FEENTERexs;FEOXAMexs;FESD1s;FESD2s;G5SADs;GLYCtpp;GTPHs;H2Otex;H2Otpp;H2St1pp;H2tpp;MEOHtrpp;METOX1s;METOX2s;MTHTHFSs;N2Otpp;NADHHR;NADHHS;NADPHHR;NADPHHS;NH4tpp;NOVBCNtex;NOtpp;O2tpp;OMCDC;RFAMPtex;SO2tpp
76,b1463,P77567,ACANTHAT
77,b1993,P0AE76,ACBIPGT;ADOCBIK
78,b0185;b2316;b3255;b3256,P0ABD5;P0A9Q5;P0ABD8;P24182,ACCOAC
79,b4069,P27550,ACCOAL;ACS
80,b0335,P77495,ACCOAL
81,b1119,P75959,ACGAMK
82,b3784,P0AC78,ACGAMT
83,b1101;b2415;b2416;b2417,P69786;P0AA04;P08839;P69783,ACGAptspp;GLCptspp
84,b0679;b2415;b2416,P09323;P0AA04;P08839,ACGAptspp
85,b3959,P0A6C8,ACGK
86,b2818,P0A6C5,ACGS
87,b3670;b3671,P0ADF8;P08142,ACHBS;ACLS
88,b0077;b0078,P00893;P00894,ACHBS;ACLS
89,b2296,P0A6A3,ACKr
90,b1849,P33221,ACKr;GART
91,b3115,P11868,ACKr;PPAKr
92,b2428,P76535,ACM6PH
93,b3794,P27836,ACMAMUT
94,b2415;b2416;b2417;b2429,P0AA04;P08839;P69783;P77272,ACMUMptspp;SUCptspp
95,b3224,P41036,ACNAMt2pp
96,b4311,P69856,ACNAMtex
97,b3225,P0A6L4,ACNML
98,b0221,Q47146,ACOAD1f;ACOAD2f;ACOAD3f;ACOAD4f;ACOAD5f;ACOAD6f;ACOAD7f;ACOAD8f
99,b1695,P0A9U8,ACOAD1fr
100,b1091;b1094,P0A6R0;P0A6A8,ACOATA
101,b3957,P23908,ACODA
102,b0054;b0641;b3199;b3200;b3201;b4261;b4262,P31554;P0ADC1;P0ADV9;P0ADV1;P0A9V1;P0AF98;P0ADC6,ACOLIPAabctex;CLIPAabctex;COLIPAPabctex;COLIPAabctex;ECA4COLIPAabctex;ENLIPAabctex;K2L4Aabctex;LIPAabctex;O16A4COLIPAabctex
103,b1519,P76145,ACONMT
104,b0118,P36683,ACONTa;ACONTb;MICITDr
105,b1276,P25516,ACONTa;ACONTb
106,b1748,P77581,ACOTA;SDPTA;SOTA
107,b3359,P18335,ACOTA;SDPTA
108,b2371,P76518,ACOXT
109,b3812,P0ADP0,ACP1_FMN;PMDPHT
110,b0844,P75809,ACP1_FMN;PMDPHT
111,b1090;b1094,P27247;P0A6A8,ACPPAT120;ACPPAT140;ACPPAT141;ACPPAT160;ACPPAT161;ACPPAT180;ACPPAT181
112,b2563,P24224,ACPS1
113,b3475,P37623,ACPS1
114,b2578,P38101,ACSERtpp;CYStpp
115,b1533,P31125,ACSERtpp;CYStpp;SERtpp
116,b0010,P0AC98,ACt2rpp;SUCCt2_2pp
117,b4067,P32705,ACt4pp;GLYCLTt4pp
118,b1623,P22333,ADA;DADA
119,b1096,P28305,ADCL;CHRPL
120,b4039,P26602,ADCL;CHRPL
121,b1812;b3360,P05041;P00903,ADCS
122,b3665,P31441,ADD
123,b3654,P0AGM9,ADEt2rpp;GUAt2pp;XANt2pp
124,b3714,P31466,ADEt2rpp
125,b3664,P31440,ADEt2rpp
126,b0474,P69441,ADK1;ADK3;ADK4;ADNK1;DADK;NDPK1;NDPK2;NDPK3;NDPK4;NDPK5;NDPK6;NDPK7;NDPK8
127,b0120,P0A7F6,ADMDC
128,b3806,P00936,ADNCYC
129,b0030,P22564,ADNUC;CYTDH;INSH;URIH;XTSNH
130,b2964,P0AFF4,ADNt2pp_copy1;CYTDt2pp_copy1;DADNt2pp;DCYTt2pp;DGSNt2pp;DINSt2pp;DURIt2pp;GSNt2pp;INSt2pp;THMDt2pp_copy1;URIt2pp_copy1
131,b2393,P0AFF2,ADNt2pp_copy1;CYTDt2pp_copy1;DADNt2pp;DCYTt2pp;DURIt2pp;INSt2pp;THMDt2pp_copy1;URIt2pp_copy1
132,b2406,P45562,ADNt2pp_copy2;CYTDt2pp_copy2;INSt2pp;THMDt2pp_copy2;URIt2pp_copy2;XTSNt2rpp
133,b0411,P0A927,ADNtex;DADNtex;DCYTtex;DURItex;GUAtex;INStex;URItex
134,b1992,P36561,ADOCBLS
135,b0158;b1709;b1711,P37028;P06611;P06609,ADOCBLabcpp;CBIuabcpp;CBL1abcpp
136,b1252;b3005;b3006;b3966,P02929;P0ABV2;P0ABU7;P06129,ADOCBLtonex;CBItonex;CBL1tonex
137,b3397,P45799,ADPRDP
138,b3034,Q93K97,ADPRDP
139,b0469,P69503,ADPT
140,b2750,P0A6J1,ADSK
141,b1131,P0AB89,ADSL1r;ADSL2r
142,b4177,P0A7D4,ADSS
143,b0677,P0AF18,AGDC
144,b0110,P13016,AGM3PA;AGM4PA;AM3PA;AM4PA
145,b4169,P26365,AGM3PApp;AGM4PApp
146,b2435,P36548,AGM3PApp;AGM4PApp
147,b2817,P63883,AGM3PApp;AGM4PApp
148,b0867,P75820,AGM3PApp;AGM4PApp
149,b1107,P75949,AGM3PH;AGM4PH;AGMH
150,b0433,P0AE16,AGM3Pt2pp;AGM4Pt2pp;AGMt2pp
151,b3619,P67910,AGMHE
152,b2937,P60651,AGMT
153,b3018,P26647,AGPAT120;AGPAT140;AGPAT141;AGPAT160;AGPAT161;AGPAT180;AGPAT181
154,b3958,P11446,AGPR
155,b0572;b0573;b0574;b0575,P77211;P77214;P77239;P38054,AGt3;CUt3
156,b2913,P0A9T0,AHGDx;ARHGDx;PGCD
157,b1511,P77432,AI2K
158,b1513;b1514;b1515;b1516,P77257;P77672;P0AFS1;P76142,AI2abcpp
159,b1601,P0AFS5,AI2tpp
160,b4006,P15639,AICART;IMPC
161,b0522,P09029,AIRC2
162,b0523,P0AG18,AIRC3
163,b0116;b0726;b0727,P0A9P0;P0AFG3;P0AFG6,AKGDH
164,b2587,P0AEX3,AKGt2rpp
165,b1488,P77790,ALAALAD
166,b3540;b3541;b3542;b3543;b3544,P37313;P0AAG0;P0AEG1;P0AEF8;P23847,ALAALAabcpp;CGLYabcpp;PROGLYabcpp
167,b1483;b1484;b1485;b1486;b1487,P77622;P77268;P77463;P77308;P76128,ALAALAabcpp
168,b0381,P0A6J8,ALAALAr
169,b0092,P07862,ALAALAr
170,b1325,P51981,ALAGLUE
171,b1190,P29012,ALAR
172,b4053,P0A6B4,ALAR
173,b2551,P0A825,ALATA_D2;ALATA_L2;GHMT2r;THFAT;THRA;THRA2
174,b2290,P0A959,ALATA_L
175,b2379,P77434,ALATA_L
176,b3454;b3455;b3456;b3457;b3460,P22731;P0A9S7;P22729;P0AEX7;P0AD96,ALAabcpp;ILEabcpp;LEUabcpp;THRabcpp;VALabcpp
177,b4208,P0AAE0,ALAt2pp;BALAt2pp;DALAt2pp;DSERt2pp;GLYt2pp
178,b4130,P39276,ALAt2pp;LALADGLUtpp;LALALGLUtpp
179,b0007,P30143,ALAt4pp;GLYt4pp
180,b2670,P64550,ALAtpp
181,b1478,P39451,ALCD19;ALCD2x
182,b1385,P80668,ALDD19xr
183,b3588,P37685,ALDD2y;ALDD3y
184,b3003,P0AG84,ALDD2y
185,b0493,P0AFP4,ALDD2y
186,b4269,P27250,ALDD2y;ALDD3y
187,b2690,P77475,ALKP;E4PP;F1PP;F6PP;GNP;PGMT;R5PP
188,b4084,P32718,ALLK
189,b4090,P37351,ALLPI;RPI
190,b0516,P77425,ALLTAMH2
191,b0512,P77671,ALLTN
192,b0511,P75712,ALLTNt2rpp
193,b4085,P32719,ALLULPE
194,b4086;b4087;b4088,P32720;P32721;P39265,ALLabcpp;RIBabcpp
195,b0657;b1677,P23930;P69776,ALPATE160pp;ALPATG160pp
196,b3012,Q46857,ALR2;DKGLCNR1
197,b0207,P30863,ALR2;DKGLCNR1
198,b1781,P76234,ALR2
199,b3001,Q46851,ALR2
200,b1771,P77256,ALR2x
201,b3945,P0A9S5,ALR4x;APPLDHr;GLYCDx;LALDO2x
202,b3091,P42604,ALTRH
203,b3416,P15977,AMALT1;AMALT2;AMALT3;AMALT4
204,b3223,P0A761,AMANAPEr
205,b3222,P45425,AMANK
206,b0774,P12995,AMAOTr
207,b3833,P0A887,AMMQLT8;OMBZLM
208,b3994,P30136,AMPMS2
209,b1982,P0AE12,AMPN
210,b4093,P16691,AMPNTAT
211,b0932,P04825,AMPTASECG;AMPTASEPG
212,b4260,P68767,AMPTASECG;AMPTASEPG
213,b2523,P37095,AMPTASECG;AMPTASEPG
214,b0237,P15288,AMPTASECG;AMPTASEPG;LALGP
215,b1640,P77570,ANHMK
216,b1263,P00904,ANPRT
217,b1263;b1264,P00904;P00895,ANS
218,b0776,P12998,AOXSr2
219,b0049,P05637,AP4AH;AP5AH;GP4GH
220,b4129,P0A8N5,AP4AS
221,b0121,P09158,APCS;SPMS
222,b3059,P60782,APG3PAT120;APG3PAT140;APG3PAT141;APG3PAT160;APG3PAT161;APG3PAT180;APG3PAT181
223,b0968,P0AB65,APH120;APH140;APH141;APH160;APH161;APH180;APH181
224,b0414,P25539,APRAUR;DHPPDA2
225,b2802,P69922,ARABDI;FCI
226,b0062,P08202,ARAI
227,b0151;b0152;b0153,P07821;P07822;P06972,ARBTNabcpp;CPGNabcpp;FE3HOXabcpp;FECRMabcpp;FEOXAMabcpp
228,b2415;b2416;b3722,P0AA04;P08839;P08722,ARBTptspp
229,b2415;b2416;b2715,P0AA04;P08839;P24241,ARBTptspp;CELBpts
230,b1900;b1901;b4460,P0AAF3;P02924;P0AE26,ARBabcpp
231,b2841,P0AE24,ARBt2rpp
232,b1528,P31122,ARBt3ipp;LCTSt3ipp;MELIBt3ipp
233,b4115,P60061,ARGAGMt7pp
234,b4117,P28629,ARGDC
235,b2938,P21170,ARGDCpp
236,b1605,P0AAE5,ARGORNt7pp
237,b3960,P11447,ARGSL
238,b3172,P0A6E4,ARGSS
239,b2306;b2307;b2308;b2310,P07109;P0AEU3;P52094;P09551,ARGabcpp;LYSabcpp;ORNabcpp
240,b0860;b0861;b0862;b0863;b0864,P30860;P0AE30;P0AE34;P30859;P0AAF6,ARGabcpp
241,b2923,P11667,ARGt3pp;LYSt3pp
242,b4096;b4099;b4100;b4101,P16679;P16687;P16686;P16685,ARMEPNS
243,b3433,P0A9Q9,ASAD
244,b4192,P39300,ASCBPL
245,b2415;b2416;b4193;b4194;b4195,P0AA04;P08839;P39301;P69822;P69820,ASCBptspp
246,b1767,P0A962,ASNN
247,b0828,P37595,ASNN
248,b2957,P00805,ASNNpp;GLUNpp
249,b0674,P22106,ASNS1;ASNS2
250,b3744,P00963,ASNS2
251,b1453,P77610,ASNt2rpp
252,b3502,P0AB93,ASO3t8pp
253,b0131,P0A790,ASP1DC
254,b4244;b4245,P0A7F3;P0A786,ASPCT
255,b4245,P0A786,ASPCT
256,b0002,P00561,ASPK;HSDy
257,b3940,P00562,ASPK;HSDy
258,b4024,P08660,ASPK
259,b2574,P10902,ASPO3;ASPO4;ASPO5;ASPO6
260,b4139,P0AC38,ASPT
261,b0928,P00509,ASPTA;CYSTA;PHETA1;TYRTA
262,b4054,P04693,ASPTA;LEUTAi;PHETA1;TYRTA
263,b0652;b0653;b0654;b0655,P0AAG3;P0AER5;P0AER3;P37902,ASPabcpp;GLUabcpp
264,b3528,P0A830,ASPt2_2pp;FUMt2_2pp;MALDt2_2pp;MALt2_2pp;OROTt2_2pp;SUCCt2_2pp
265,b4138,P0ABN5,ASPt2_3pp;FUMt2_3pp;MALt2_3pp;SUCASPtpp;SUCCt2_3pp;SUCFUMtpp;SUCMALtpp
266,b4123,P0ABN9,ASPt2_3pp;FUMt2_3pp;MALt2_3pp;SUCASPtpp;SUCCt2_3pp;SUCFUMtpp;SUCMALtpp;SUCTARTtpp;TARTt2_3pp
267,b4077,P21345,ASPt2pp;GLUt2rpp
268,b1206,P0AFR2,ASPtpp;FUMt1pp;SUCCt1pp
269,b1064;b3503,P0AC59;P0AB96,ASR
270,b1747,P0AE37,AST
271,b1539,P39831,ATHRDHr;DSERDHr;LSERDHr;MSAR
272,b2019,P60757,ATPPRT
273,b3731;b3732;b3733;b3734;b3735;b3736;b3737;b3738;b3739,P0A6E6;P0ABB4;P0ABA6;P0ABB0;P0ABA4;P0ABA0;P68699;P0AB98;P0ABC0,ATPS4rpp
274,b3731;b3732;b3733;b3734;b3735;b3736;b3737;b3738,P0A6E6;P0ABB4;P0ABA6;P0ABB0;P0ABA4;P0ABA0;P68699;P0AB98,ATPS4rpp
275,b0312,P17445,BETALDHx;BETALDHy
276,b1734,P17411,BGLA1;MC6PH
277,b0827,P12281,BMOCOS;BWCOS;MOCOS;WCOS
278,b3857,P32173,BMOGDS1;BMOGDS2;BWCOGDS1;BWCOGDS2;MOGDS
279,b3856;b3857,P32125;P32173,BMOGDS1;BMOGDS2;BWCOGDS1;BWCOGDS2;MOGDS
280,b4214,P22255,BPNT
281,b3551,P20099,BSORx;BSORy
282,b0775,P12996,BTS5
283,b0933;b0934;b0936,P0AAI1;P75851;P75853,BUTSO3abcpp;ETHSO3abcpp;ISETACabcpp;MSO3abcpp;SULFACabcpp
284,b0365;b0366;b0367,Q47537;Q47538;Q47539,BUTSO3abcpp;ISETACabcpp;TAURabcpp
285,b1216,P31801,CA2t3pp;Kt3pp;NAt3pp
286,b4132,P0AAE8,CADVtpp
287,b1732,P21179,CAT
288,b3942,P13029,CAT
289,b3196,P45394,CAt6pp
290,b1270,P0A9H5,CBIAT;CBLAT
291,b0521,P37306,CBMKr
292,b0032;b0033,P0A6F1;P00968,CBPS
293,b0444,P77756,CCGS
294,b3469,P37617,CD2abcpp;COBALT2abcpp;CU2abcpp;HG2abcpp;NI2abcpp;ZN2abcpp
295,b3915,P69380,CD2t3pp;COBALT2t3pp;FE2t3pp;HG2t3pp;MN2t3pp;NI2t3pp;ZN2t3pp
296,b0752,P75757,CD2t3pp;COBALT2t3pp;MN2t3pp;NI2t3pp;ZN2t3pp
297,b3040,P0A8H3,CD2tpp;COBALT2tpp;CU2tpp;FE2tpp;MN2tpp;ZN2tpp
298,b3918,P06282,CDAPPA120;CDAPPA140;CDAPPA141;CDAPPA160;CDAPPA161;CDAPPA180;CDAPPA181
299,b2794,Q46920,CDGR
300,b2503,P77172,CDGUNPD
301,b1489,P76129,CDGUNPD;PDE1;PDE4
302,b3525,P37646,CDGUNPD
303,b1285,P77334,CDGUNPD;LDGUNPD
304,b0315,P21514,CDGUNPD
305,b1208,P62615,CDPMEK
306,b3614,P37691,CDPPH;NDP3;NDP7
307,b1736;b1737;b1738;b2415;b2416,P69791;P17334;P69795;P0AA04;P08839,CELBpts;CHTBSptspp
308,b1661,P0A9H7,CFAS160E;CFAS160G;CFAS180E;CFAS180G
309,b2128;b2129;b2130;b2131,P33359;P33360;P33361;P33362,CHLabcpp;GLYBabcpp
310,b0314,P0ABC9,CHLt2pp
311,b1801,P0ABD1,CHLt2pp;GLYBt2pp;GLYt2pp
312,b0543,P23895,CHLt3pp;GLYBt3pp
313,b4337,P39386,CHOLATEtpp
314,b0311,P17444,CHOLD
315,b1619,P0AET8,CHOLID
316,b2599,P0A9J8,CHORM;PPNDH
317,b2600,P07023,CHORM;PPND
318,b2329,P12008,CHORS
319,b0681,P75733,CHTBStex
320,b2538;b2539;b2540;b2542,P0ABR5;Q47140;P0ABW0;P77650,CINNDO;PPPNDO
321,b0614;b0615;b0616;b0617,P0A6G5;P75726;P0A9I1;P69330,CITL
322,b0612,P0AE74,CITt7pp
323,b0789,P0AA84,CLPNS120pp;CLPNS140pp;CLPNS141pp;CLPNS160pp;CLPNS161pp;CLPNS180pp;CLPNS181pp
324,b1249,P0A6H8,CLPNS120pp;CLPNS140pp;CLPNS141pp;CLPNS160pp;CLPNS161pp;CLPNS180pp;CLPNS181pp
325,b0155,P37019,CLt3_2pp
326,b1592,P76175,CLtipp
327,b0463;b2470;b3035,P0AE06;P24177;P02930,CMtpp;DOXRBCNtpp;FUSAtpp;MINCYCtpp;NOVBCNtpp;RFAMPtpp;TTRCYCtpp
328,b0462;b0463;b3035,P31224;P0AE06;P02930,CMtpp;DOXRBCNtpp;FUSAtpp;MINCYCtpp;NOVBCNtpp;RFAMPtpp;TTRCYCtpp
329,b3816,P0ABI4,COBALT2tpp;MG2tpp;NI2tpp
330,b2174,P76445,COLIPAKpp
331,b0914,P60752,COLIPAabcpp;K2L4Aabcpp;LIPACabcpp;LIPAabcpp;PA120abcpp;PA140abcpp;PA141abcpp;PA160abcpp;PA161abcpp;PA180abcpp;PA181abcpp;PE120abcpp;PE140abcpp;PE141abcpp;PE160abcpp;PE161abcpp;PE180abcpp;PE181abcpp;PG120abcpp;PG140abcpp;PG141abcpp;PG160abcpp;PG161abcpp;PG180abcpp;PG181abcpp;PGP120abcpp;PGP140abcpp;PGP141abcpp;PGP160abcpp;PGP161abcpp;PGP180abcpp;PGP181abcpp
332,b1102;b1252;b3005;b3006,P16869;P02929;P0ABV2;P0ABU7,CPGNtonex
333,b2765,P65870,CPH4S
334,b4098,P16688,CPL
335,b0781;b0783,P30745;P0A738,CPMPS
336,b2436,P36553,CPPPGO
337,b3867,P32131,CPPPGO2
338,b0038,P31572,CRNBTCT;CRNCBCT
339,b0037,P31552,CRNCAL2;CRNDCAL2;CTBTCAL2
340,b0036,P31551,CRNCAR;CRNCDH
341,b2677;b2678;b2679,P14175;P14176;P0AFM2,CRNDabcpp;CRNabcpp;CTBTabcpp;GLYBabcpp;PROabcpp
342,b4111,P0C0L7,CRNDt2rpp;CRNt2rpp;CTBTt2rpp;GLYBt2pp;PROt2rpp
343,b0040,P31553,CRNt7pp;CRNt8pp
344,b0720,P0ABH7,CS
345,b0337,P25524,CSND
346,b0336,P0AA82,CSNt2pp
347,b3846,P21177,CTECOAI6;CTECOAI7;CTECOAI8;ECOAH1;ECOAH2;ECOAH3;ECOAH4;ECOAH5;ECOAH6;ECOAH7;ECOAH8;HACD1;HACD2;HACD3;HACD4;HACD5;HACD6;HACD7;HACD8
348,b2780,P0A7E5,CTPS2
349,b0123,P36649,CU1Opp;FEROpp
350,b0484,Q59385,CU1abcpp
351,b1449,P76113,CURR;DHCURR
352,b3291,P0A742,CUt2pp
353,b0465,P77338,CUt2pp
354,b1330,P0AEB5,CUt2pp
355,b0577,P0AAT4,CUt2pp
356,b4159,P39285,CUt2pp
357,b2924,P0C0S1,CUt2pp
358,b0808,P75783,CUt2pp
359,b1870,P76290,CXSAMS
360,b3425,P0A6V5,CYANST
361,b2668,P55734,CYANST
362,b2521,P31142,CYANST;MCPST
363,b1308,P23857,CYANSTpp
364,b0340,P00816,CYNTAH
365,b0341,P17583,CYNTt2pp
366,b1919,P76316,CYSDDS
367,b3008,P06721,CYSDS;CYSTL
368,b3708,P0A853,CYSDS;SERD_L;TRPAS2
369,b3943,P0ABT8,CYSItpp
370,b2421,P16703,CYSS
371,b2414,P0ABK5,CYSS
372,b2810,Q46925,CYSSADS
373,b1680,P77444,CYSSADS
374,b1622,P23256,CYSTL
375,b0886;b0887,P23886;P29018,CYSabc2pp;GTHRDabc2pp
376,b1917;b1918;b1920,P37774;P0AFT2;P0AEM9,CYSabcpp
377,b0978;b0979,P26459;P26458,CYTBD2pp;CYTBDpp
378,b0733;b0734;b4515,P0ABJ9;P0ABK2;P56100,CYTBDpp
379,b0429;b0430;b0431;b0432,P0ABJ6;P0ABJ3;P0ABI8;P0ABJ1,CYTBO3_4pp
380,b2143,P0ABF6,CYTD;DCYTD
381,b2162,P33022,CYTDH;URIH
382,b0651,P41409,CYTDH;URIH
383,b2066,P0A8F4,CYTDK1;CYTDK2;URIK1;URIK2
384,b0910,P0A6I0,CYTK1;CYTK2;UMPK
385,b1189,P0A6J5,DAAD
386,b4042,P0ABN1,DAGK120;DAGK140;DAGK141;DAGK160;DAGK161;DAGK180;DAGK181
387,b2871,P66899,DAPAL
388,b2838,P00861,DAPDC
389,b3809,P0A6K1,DAPE
390,b0175,P0ABG1,DASYN120;DASYN140;DASYN141;DASYN160;DASYN161;DASYN180;DASYN181
391,b3041,P0A7J0,DB4PS
392,b0778,P13000,DBTS
393,b1733,P37794,DC6PDA
394,b2065,P28248,DCTPD
395,b2344,P10384,DDCAtexi;HDCAtexi;HDCEAtexi;OCDCAtexi;OCDCEAtexi;TTDCAtexi;TTDCEAtexi
396,b3693,P31459,DDGALK
397,b3909,P0A712,DDGLCNt2rpp;GLCURt2rpp
398,b3526,P37647,DDGLK
399,b2601,P00888,DDPA
400,b0754,P0AB91,DDPA
401,b1704,P00887,DDPA
402,b4477,Q6BF16,DDPGALA
403,b3648,P60546,DGK1;GK1
404,b1341,P77302,DGUNC
405,b1794,P76245,DGUNC
406,b1535,P31129,DGUNC
407,b1025,P75908,DGUNC
408,b1490,P0AA89,DGUNC
409,b1393,P76082,DHACOAH
410,b3771,P05791,DHAD1;DHAD2
411,b1198;b1199;b1200;b2415;b2416,P37349;P76014;P76015;P0AA04;P08839,DHAPT
412,b0596,P15047,DHBD
413,b0594,P10378,DHBS
414,b0588;b0589;b0590;b0592,P23878;P23877;P23876;P0AEL6,DHBSZ3FEabcpp;FEENTERabcpp
415,b2541,P0CI31,DHCIND;DHPPD
416,b0348,P0ABR9,DHCINDO;HPPPNDO
417,b0031,P04036,DHDPRy
418,b2478,P0A6L2,DHDPS
419,b1606,P0AFS3,DHFR;DHMPTR
420,b0048,P0ABQ4,DHFR
421,b2315,P08192,DHFS
422,b3930,P32166,DHNAOT4
423,b2262,P0ABU0,DHNCOAS
424,b1686,P77781,DHNCOAT
425,b3058,P0AC16,DHNPA2r;DHNPTE
426,b0945,P0A7E1,DHORD2;DHORD5
427,b1062,P05020,DHORTS
428,b3177,P0AC13,DHPS2
429,b3875,P76773,DHPStex;H2Otex;SQtex
430,b3877,P32137,DHPStr
431,b0578,P38489,DHPTDNR;DHPTDNRN
432,b2303,P0AC19,DHPTPE
433,b3389,P07639,DHQS
434,b1693,P05194,DHQTi
435,b0421,P22939,DMATT;GRTT
436,b0029,P62623,DMPPS;IPDPS
437,b2232,P17993,DMQMT;OHPHM
438,b1587;b1588;b1589;b1590,P77374;P77783;P0AAJ1;P76173,DMSOR1;SELR;TMAOR1
439,b0894;b0895;b0896,P18775;P18776;P18777,DMSOR1;DMSOR2;TMAOR1;TMAOR2
440,b1872;b1873,P46923;P52005,DMSOR1pp;DMSOR2pp;TMAOR1pp;TMAOR2pp
441,b1865,P0AFC0,DNTPPA;NTPP5
442,b0099,P08337,DNTPPA;NTPP1;NTPP2
443,b3575,P37672,DOGULNR
444,b0103,P0A6I9,DPCOAK
445,b0425,P0A9J4,DPR
446,b3774,P05793,DPR;KARA1;KARA2
447,b4381,P0A6L0,DRPA
448,b1185;b3860,P0A6M2;P0AEG4,DSBAO1;DSBAO2
449,b2893,P0AEG6,DSBCGT
450,b2582;b4136,P0AGG4;P36655,DSBDR
451,b3781;b4136,P0AA25;P36655,DSBDR
452,b0604,P77202,DSBGGT
453,b4122,P14407,DTARTD;FUM
454,b1098,P0A720,DTMPK
455,b2146;b2147,P76440;P25889,DURADx
456,b1238,P23331,DURIK1;TMDK1
457,b4382,P07650,DURIPP;TMDPP
458,b4384,P0ABP8,DURIPP;PUNP1;PUNP2;PUNP3;PUNP4;PUNP5;PUNP6
459,b3640,P06968,DUTPDP
460,b2251,P52006,DUTPDP;NTPP3;NTPP7
461,b0173,P45568,DXPRIi
462,b0420,P77488,DXPS
463,b3564,P09099,DXYLK;XYLK
464,b0269,P77596,DXYLTD
465,b4297,P39358,DXYLTD
466,b3603,P33231,D_LACt2pp;GLYCLTt2rpp;L_LACt2rpp
467,b2975,Q46839,D_LACt2pp;GLYCLTt2rpp;L_LACt2rpp
468,b2927,P0A9B6,E4PD
469,b1779,P0A9B2,E4PD;GAPD;NADHHR;NADHHS;NADPHHR;NADPHHS
470,b0822,P75792,E4PP;F1PP;F6PP;G3PT;G6PP;MN6PP;R5PP
471,b1288,P0AEK4,EAR100x;EAR100y;EAR120x;EAR120y;EAR121x;EAR121y;EAR140x;EAR140y;EAR141x;EAR141y;EAR160x;EAR160y;EAR161x;EAR161y;EAR180x;EAR180y;EAR181x;EAR181y;EAR40x;EAR40y;EAR60x;EAR60y;EAR80x;EAR80y;EGMEACPR;EPMEACPR
472,b3622,P27243,ECA4OALpp;O16A4Lpp
473,b3785;b3793,P0AG00;P27835,ECAP1pp;ECAP2pp;ECAP3pp
474,b3792,P0AAA7,ECAtpp
475,b2341,P77399,ECOAH1;ECOAH2;ECOAH3;ECOAH4;ECOAH5;ECOAH6;ECOAH7;ECOAH8;HACD1;HACD2;HACD3;HACD4;HACD5;HACD6;HACD7;HACD8
476,b1850,P0A955,EDA;OAADC
477,b1851,P0ADF6,EDD
478,b1054,P0ACV0,EDTXS1
479,b1855,P24205,EDTXS2;EDTXS4
480,b2378,P0ACV2,EDTXS3
481,b2779,P0A6P9,ENO
482,b0583,P19925,ENTCS
483,b0585,P13039,ENTERES;FEENTERES
484,b2440;b2441,P19636;P0AEJ6,ETHAAL
485,b3697,P0A8Y5,F1PP;F6PP;FBP;G1PP;MN6PP;R5PP
486,b0825,P78055,F6PA
487,b3946,P32669,F6PA
488,b3666,P0AGC0,F6Pt6_2pp;G6Pt6_2pp;GAM6Pt6_2pp;MAN6Pt6_2pp
489,b0404,P21515,FA100ACPHi;FA120ACPHi;FA140ACPHi;FA141ACPHi;FA160ACPHi;FA161ACPHi;FA80ACPHi
490,b0452,P0AGG2,FACOAE100;FACOAE120;FACOAE140;FACOAE141;FACOAE160;FACOAE161;FACOAE180;FACOAE181;FACOAE60;FACOAE80
491,b1805,P69451,FACOAL100t2pp;FACOAL120t2pp;FACOAL140t2pp;FACOAL141t2pp;FACOAL160t2pp;FACOAL161t2pp;FACOAL180t2pp;FACOAL181t2pp;FACOAL60t2pp;FACOAL80t2pp
492,b1701,P38135,FACOAL100t2pp;FACOAL120t2pp;FACOAL140t2pp;FACOAL141t2pp;FACOAL160t2pp;FACOAL161t2pp;FACOAL180t2pp;FACOAL181t2pp;FACOAL60t2pp;FACOAL80t2pp
493,b3844,P0AEN1,FADRx;FE3Ri;FLVR;FLVRx;FMNRx;FMNRx2
494,b2763;b2764,P17846;P38038,FADRx2;FLVR;FMNRx2;SULR
495,b1985,P76352,FADt;FMNt
496,b0356,P25437,FALDH2
497,b2925,P0AB71,FBA;FBA3
498,b2097,P0A991,FBA
499,b4232,P0A993,FBP
500,b3925,P0A9C9,FBP
501,b2930,P21437,FBP
502,b2803,P11553,FCLK
503,b2738,Q46890,FCLPA
504,b2800,P0AB87,FCLPA
505,b0475,P23871,FCLT
506,b2431,P76536,FCLT
507,b1019,P31545,FCLT
508,b3892;b3893;b3894,P0AEL0;P0AAJ5;P32176,FDH4pp;FDH5pp
509,b1474;b1475;b1476,P24183;P0AAJ3;P0AEK7,FDH4pp;FDH5pp
510,b0935,P80645,FDMO;FDMO2;FDMO3;FDMO4;FDMO6
511,b3409,P33650,FE2abcpp
512,b2392,P0A769,FE2t2pp;MNt2pp
513,b3070,Q46871,FE3DCITR5;FE3DHBZS3R;FEENTERR4
514,b4287;b4288;b4289;b4290,P15031;P15029;P15030;P15028,FE3DCITabcpp
515,b1252;b3005;b3006;b4291,P02929;P0ABV2;P0ABU7;P13036,FE3DCITtonex
516,b0805;b1252;b3005;b3006,P75780;P02929;P0ABV2;P0ABU7,FE3DHBZStonex
517,b1252;b2155;b3005;b3006,P02929;P17315;P0ABV2;P0ABU7,FE3DHBZStonex
518,b0150;b1252;b3005;b3006,P06971;P02929;P0ABV2;P0ABU7,FE3HOXtonex;FECRMtonex;FEOXAMtonex
519,b3035,P02930,FEENTERtex
520,b0584;b1252;b3005;b3006,P05825;P02929;P0ABV2;P0ABU7,FEENTERtonex
521,b0591,P24077,FEENTERtpp
522,b4367,P39405,FEOXAMR1;FEOXAMR2;FEOXAMR3
523,b3336,P0ABD3,FEROpp
524,b4209,P69506,FESR
525,b2895;b3924,P0ABY4;P28861,FLDR2
526,b0684;b3924,P61949;P28861,FLDR2
527,b0025,P0AG40,FMNAT;RBFK
528,b0937,P80644,FMNRx;FMNRx2
529,b2912,P0AC28,FOMETRi
530,b2374,P69902,FORCT
531,b0904,P0AC23,FORt2pp;FORtppi
532,b2492,P77733,FORt2pp;FORtppi
533,b4151;b4152;b4153;b4154,P0A8Q3;P0A8Q0;P0AC47;P00363,FRD2;FRD3
534,b2168,P0AEW9,FRUK
535,b3371,P0AC00,FRULYSDG
536,b4474,P45541,FRULYSE
537,b3374,P45543,FRULYSK
538,b3370,P45539,FRULYSt2pp;PSCLYSt2pp
539,b4321,P0AC94,FRUURt2rpp;GLCNt2rpp
540,b2167;b2169;b2415;b2416,P20966;P69811;P0AA04;P08839,FRUptspp
541,b1232,P37051,FTHFD
542,b2801,P11551,FUCtpp
543,b1612,P0AC33,FUM
544,b1611,P05042,FUM
545,b0621,P0ABP3,FUMt2_3pp;SUCASPtpp;SUCFUMtpp;SUCMALtpp
546,b0624,P37002,Ftpp
547,b3730,P0ACC7,G1PACT;UAGDP
548,b3885,P0A8Y3,G1PP
549,b1002,P19926,G1PPpp;GAL1PPpp
550,b2039,P37744,G1PTT
551,b3789,P61887,G1PTT
552,b0154,P23893,G1SAT
553,b2533,P0ADG4,G2PP;MI1PP
554,b4055,P0AE22,G2PPpp;NTD10pp;NTD11pp;NTD12pp;NTD1pp;NTD2pp;NTD3pp;NTD4pp;NTD5pp;NTD6pp;NTD7pp;NTD8pp;NTD9pp;PSP_Lpp;PTHRpp;R5PPpp;TYRPpp
555,b1094;b4041,P0A6A8;P0A7A7,G3PAT120;G3PAT140;G3PAT141;G3PAT160;G3PAT161;G3PAT180;G3PAT181
556,b3450;b3451;b3452;b3453,P10907;P10906;P10905;P0AG80,G3PCabcpp;G3PEabcpp;G3PGabcpp;G3PIabcpp;G3PSabcpp;GLYC2Pabcpp;GLYC3Pabcpp
557,b3608,P0A6S7,G3PD2
558,b2241;b2242;b2243,P0A9C0;P13033;P0A996,G3PD5;G3PD6;G3PD7
559,b3426,P13035,G3PD5
560,b0675,P0AF24,G3PT;NTD2;NTD4;NTD7;NTD9;PYDXPP;R5PP
561,b0243,P07004,G5SD
562,b0678,P0A759,G6PDA
563,b1852,P0AC53,G6PDH2r
564,b3128,P39829,GALCTD
565,b4358,P39400,GALCTLO
566,b4478,Q6BF17,GALCTND
567,b4356,P39398,GALCTNLt2pp
568,b3691,P0AA76,GALCTNt2pp
569,b2789,Q46916,GALCTt2rpp;GLCRt2rpp;GLYCAt2rpp
570,b3127,P0AA80,GALCTt2rpp;GLCRt2rpp;GLYCAt2rpp
571,b0757,P0A6T3,GALKr
572,b0756,P0A9C3,GALM2pp
573,b4119,P06720,GALS3
574,b3628,P27127,GALT1
575,b2092;b2093;b2094;b2415;b2416,P69831;P37188;P69828;P0AA04;P08839,GALTptspp
576,b3093,P0AA78,GALURt2rpp;GLCURt2rpp
577,b1236,P0AEP3,GALUi
578,b2148;b2149;b2150,P23200;P0AAG8;P0AEE5,GALabcpp;GLCabcpp
579,b4227;b4230;b4231;b4485,P39325;P39328;P37772;Q6BEX0,GALabcpp;RIBabcpp
580,b2943,P0AEP1,GALt2pp;GLCt2pp
581,b2500,P08179,GARFT
582,b1415,P25553,GCALDD;LCADi
583,b2052,P32055,GDMANE;GOFUCR
584,b2784,P0AG20,GDPDPK;GTPDPK
585,b3650,P0AG24,GDPDPK;GDPTPDP;PPGPPDP
586,b2051,P32056,GDPMNH
587,b2467,P37128,GDPMNP
588,b3729,P17169,GF6PTA
589,b1298,P76038,GGGABAH
590,b1301,P37906,GGPTRCO
591,b1297,P78061,GGPTRCS
592,b3432,P07762,GLBRAN2
593,b0459,P77791,GLCATr;MALTATr
594,b0124,P15877,GLCDpp
595,b0837,P75804,GLCDpp
596,b4476,P0AC96,GLCNt2rpp
597,b3415,P39835,GLCNt2rpp
598,b3428,P0AC86,GLCP;GLCP2
599,b3417,P00490,GLCP;GLCP2;MLTP1;MLTP2;MLTP3
600,b3126,P23522,GLCRAL
601,b2788,Q46915,GLCRD
602,b2787,P0AES2,GLCRD
603,b3429,P0A6U8,GLCS1
604,b3631,P25740,GLCTR1
605,b3627,P27128,GLCTR2
606,b3626,P27129,GLCTR3
607,b1621;b2415;b2416;b2417,P19642;P0AA04;P08839;P69783,GLCptspp;MALTptspp
608,b3431,P15067,GLDBRAN2
609,b3430,P0A6V1,GLGC
610,b3870,P0A9C5,GLNS
611,b0809;b0810;b0811,P10346;P0AEQ6;P0AEQ3,GLNabcpp
612,b2091,P0A9S3,GLTPD
613,b0242,P0A7B5,GLU5K
614,b1492,P63235,GLUABUTt7pp
615,b2688,P0A6W9,GLUCYS
616,b3517,P69908,GLUDC
617,b1493,P69910,GLUDC
618,b1761,P00370,GLUDy
619,b3212;b3213,P09831;P09832,GLUDy;GLUSy
620,b0485,P77454,GLUN
621,b1524,P0A6W0,GLUN
622,b2312,P0AG16,GLUPRT
623,b3967,P22634,GLUR
624,b1210,P0A6X1,GLUTRR
625,b2400,P04805,GLUTRS
626,b3653,P0AER8,GLUt4pp
627,b0507,P0AEP7,GLXCL
628,b3927,P0AER0,GLYALDtpp;GLYCtpp;GLYtpp;UREAtpp
629,b3617,P0AB77,GLYAT
630,b2240,P08194,GLYC3Pt6pp
631,b0514,P77364,GLYCK
632,b3124,P23524,GLYCK2
633,b0116;b2903;b2904;b2905,P0A9P0;P33195;P0A6T9;P27248,GLYCL
634,b1033,P75913,GLYCLTDx;GLYCLTDy;HPYRRx;HPYRRy
635,b2979;b4467;b4468,P0AEP9;P52074;P52073,GLYCTO2;GLYCTO3;GLYCTO4
636,b3926,P0A6F3,GLYK
637,b0212,P0AC84,GLYOX
638,b1967,P31658,GLYOX3
639,b2053,P0AC88,GMAND
640,b3052,P76658,GMHEPAT;GMHEPK
641,b0200,P63228,GMHEPPA
642,b0104,P60560,GMPR
643,b2507,P04079,GMPS;GMPS2
644,b2029,P00350,GND
645,b3437,P46859,GNK
646,b4268,P39208,GNK
647,b3715,P31467,GNP
648,b3449,P10908,GPDDA1;GPDDA2;GPDDA3;GPDDA4;GPDDA5
649,b2239,P09394,GPDDA1pp;GPDDA2pp;GPDDA3pp;GPDDA4pp;GPDDA5pp
650,b1064,P0AC59,GRXR
651,b3610,P0AC62,GRXR
652,b1654,P0AC69,GRXR
653,b0849,P68688,GRXR
654,b0477,P0AEW6,GSNK;INSK
655,b3662,P0ADL1,GSNt3pp;INSt3pp
656,b2988,P0AES0,GSPMDA;GSPMDS
657,b3500,P06715,GTHOr
658,b1710,P06610,GTHPi;THIORDXi
659,b3447,P18956,GTHRDHpp
660,b0829;b0830;b0831;b0832,P75796;P75797;P75798;P75799,GTHRDabcpp
661,b2947,P04425,GTHS
662,b2153,P0A6T5,GTPCI
663,b1277,P0A7I7,GTPCII2
664,b3779,P25552,GTPDPDP
665,b2883,P76641,GUAD
666,b0125,P0A9M2,GUAPRT;HXPRT
667,b0238,P0A9M5,GUAPRT;HXPRT;XPPT
668,b4464,Q46817,GUAtpp;HYXNtpp
669,b4064,P0AF52,GUAtpp;HYXNtpp
670,b3092,P0A8G3,GUI1;GUI2
671,b1319,P76045,H2Otex
672,b0957,P0A910,H2Otex
673,b0875,P60844,H2Otpp
674,b1395,P76083,HADPCOADH3
675,b4040,P0AGK1,HBZOPT
676,b0353,P77589,HCINNMt2rpp;HPPPNt2rpp
677,b0126,P61517,HCO3E
678,b0339,P0ABE9,HCO3E
679,b0261,Q47690,HCYSMT;HCYSMT2
680,b0428,P0AEA5,HEMEOS
681,b3630,P25741,HEPK1
682,b3625,P27240,HEPK2
683,b3621,P24173,HEPT1
684,b3620,P37692,HEPT2
685,b3632,P25742,HEPT3
686,b3623,P27242,HEPT4
687,b2104,P76423,HETZK
688,b2388,P0A6V8,HEX1
689,b0394,P23917,HEX7
690,b2020,P06988,HISTD
691,b2022,P06987,HISTP;IGPDH
692,b2306;b2307;b2308;b2309,P07109;P0AEU3;P52094;P0AEU0,HISabcpp
693,b0112,P15993,HISt2rpp;PHEt2rpp;TRPt2rpp;TYRt2rpp
694,b0349,P77044,HKNDDH;HKNTDH
695,b3805,P06983,HMBS
696,b2103,P76422,HMPK1;PMPK
697,b2418,P40191,HMPK1;PYDAMK;PYDXK;PYDXNK
698,b0813,P0AA67,HOMt2pp;THRt2pp
699,b3824,P0AG34,HOMt2pp
700,b0352,P51020,HOPNTAL
701,b1396,P76084,HPACOAT;PACOAT
702,b0142,P26281,HPPK2
703,b0508,P30147,HPYRI
704,b1813,P43337,HPYRP
705,b4013,P07623,HSST
706,b2021,P06986,HSTPT
707,b2866;b2867;b2868,Q46799;Q46800;Q46801,HXAND;XAND
708,b0972;b0973;b0974,P69739;P0ACD8;P0AAM1,HYD1pp;HYD2pp;HYD3pp
709,b2994;b2995;b2996;b2997,P0ACE0;P37180;P0AAJ8;P69741,HYD1pp;HYD2pp;HYD3pp
710,b2719;b2720;b2721;b2722;b2723;b2724,P16433;P16432;P16431;P16430;P16429;P0AAK1,HYD1pp
711,b2529;b2530,P0ACD4;P0A6B7,I2FE2SR;I2FE2SS;I2FE2SS2
712,b2528;b2529,P0AAC8;P0ACD4,I2FE2ST;I4FE4ST
713,b2529,P0ACD4,I4FE4SR
714,b1136,P08200,ICDHyr
715,b0593,P0AEJ2,ICHORS_copy1
716,b2265,P38051,ICHORS_copy2
717,b0595,P0ADI4,ICHORT
718,b4015,P0A9G6,ICL
719,b2530,P0A6B7,ICYSDS
720,b4267,P39346,IDOND;IDOND2
721,b2023;b2025,P60595;P60664,IG3PS
722,b1262,P00909,IGPS;PRAIi
723,b3770,P0AB80,ILETA;LEUTAi;PHETA1;TYRTA;VALTA
724,b0401,P0AD99,ILEt2rpp;LEUt2rpp;VALt2rpp
725,b4141,P39277,ILEt3pp;LEUt3pp;METt3pp;VALt3pp
726,b2508,P0ADG7,IMPD
727,b3035;b3265;b3266,P02930;P24180;P24181,INDOLEt2pp
728,b3161,P0AAD2,INDOLEt2rpp;TRPt2rpp
729,b3488,P37627,INOSTO
730,b3679,P31448,INOSTt4pp
731,b2889,Q46822,IPDDI
732,b0073,P30125,IPMD
733,b1800,P76251,IPMD;MALDDH
734,b0071;b0072,P30126;P0A6A6,IPPMIa;IPPMIb
735,b0074,P09151,IPPS
736,b1091,P0A6R0,KAS15;OGMEACPS
737,b0918,P04951,KDOCT2
738,b3198,P0ABZ4,KDOPP
739,b1215,P0A715,KDOPS
740,b2843,Q46938,KDUI
741,b4196,P39304,KG6PDC
742,b3581,P37678,KG6PDC
743,b0696;b0697;b0698,P03961;P03960;P03959,Kabcpp
744,b0696;b0697;b0698;b4513,P03961;P03960;P03959;P36937,Kabcpp
745,b1291;b3290;b3849,P0AAH4;P0AGI8;P0AFZ7,Kt2pp
746,b1250,P31069,Kt2pp
747,b1291;b1363;b3290,P0AAH4;P23849;P0AGI8,Kt2pp
748,b3747,P63183,Kt2pp
749,b3350,P45522,Kt3pp
750,b0047,P03819,Kt3pp
751,b0842,P0AEY8,Kt3pp;NAt3pp
752,b2257,P76473,LA4NTpp
753,b0344,P00722,LACZ
754,b2132,P33363,LACZpp
755,b1326,P0ACV6,LADGMDH
756,b0709,P75742,LALADGLUtpp;LALALGLUtpp
757,b1634,P77304,LALADGLUtpp;LALALGLUtpp
758,b3496,P36837,LALADGLUtpp;LALALGLUtpp
759,b2799,P0A9S1,LCARS
760,b0325,P75691,LCARSyi;PPDOy
761,b2170,P33026,LCTSt3ipp
762,b0070,P31675,LCTSt3ipp
763,b0343,P02920,LCTStpp;MELIBt2pp
764,b1380,P52643,LDH_D
765,b2133,P06149,LDH_D2
766,b3454;b3455;b3456;b3457;b3458,P22731;P0A9S7;P22729;P0AEX7;P04816,LEUabcpp
767,b1798,P76249,LEUt3pp;METt3pp
768,b1651,P0AC81,LGTHL
769,b0622,P37001,LIPAHT2ex;LIPAHTex
770,b4386,P32099,LIPAMPL;LIPATPT;OCTNLL
771,b0630,P60720,LIPOCT
772,b0628,P60716,LIPOS
773,b2245,P76469,LKDRA
774,b0182,P10441,LPADSS
775,b0494,P0ADA1,LPLIPAL1A120pp;LPLIPAL1A140pp;LPLIPAL1A141pp;LPLIPAL1A160pp;LPLIPAL1A161pp;LPLIPAL1A180pp;LPLIPAL1A181pp;LPLIPAL1E120pp;LPLIPAL1E140pp;LPLIPAL1E141pp;LPLIPAL1E160pp;LPLIPAL1E161pp;LPLIPAL1E180pp;LPLIPAL1E181pp;LPLIPAL1G120pp;LPLIPAL1G140pp;LPLIPAL1G141pp;LPLIPAL1G160pp;LPLIPAL1G161pp;LPLIPAL1G180pp;LPLIPAL1G181pp
776,b3825,P07000,LPLIPAL2A120;LPLIPAL2A140;LPLIPAL2A141;LPLIPAL2A160;LPLIPAL2A161;LPLIPAL2A180;LPLIPAL2A181;LPLIPAL2ATE120;LPLIPAL2ATE140;LPLIPAL2ATE141;LPLIPAL2ATE160;LPLIPAL2ATE161;LPLIPAL2ATE180;LPLIPAL2ATE181;LPLIPAL2ATG120;LPLIPAL2ATG140;LPLIPAL2ATG141;LPLIPAL2ATG160;LPLIPAL2ATG161;LPLIPAL2ATG180;LPLIPAL2ATG181;LPLIPAL2E120;LPLIPAL2E140;LPLIPAL2E141;LPLIPAL2E160;LPLIPAL2E161;LPLIPAL2E180;LPLIPAL2E181;LPLIPAL2G120;LPLIPAL2G140;LPLIPAL2G141;LPLIPAL2G160;LPLIPAL2G161;LPLIPAL2G180;LPLIPAL2G181
777,b4146,P39280,LYSAM
778,b0186,P52095,LYSDC
779,b4131,P0A9H3,LYSDC
780,b2156,P25737,LYSt2pp
781,b0874,P75826,LYSt3pp
782,b3903,P32170,LYXI;RMI
783,b3907,P27125,LYXt2pp;RMNtpp
784,b0306;b0307;b0308,P77252;P77536;P77433,L_LACD2;L_LACD3
785,b3605,P33232,L_LACD2;L_LACD3
786,b3600,P09424,M1PD
787,b0777,P12999,MALCOAMT
788,b4014,P08997,MALS
789,b2976,P37330,MALS
790,b2049,P24174,MAN1PT2
791,b1613,P00946,MAN6PI
792,b4323,P39160,MANAO
793,b0731;b2415;b2416,P54745;P0AA04;P08839,MANGLYCptspp
794,b0732,P54746,MANPGH
795,b0334,P77243,MCITD
796,b0331,P77541,MCITL2
797,b0333,P31660,MCITS
798,b1092;b1094,P0AAI9;P0A6A8,MCOATA
799,b0084;b0635;b3396,P0AD68;P0AD65;P02918,MCTP1App;MCTP2App
800,b0084;b0149;b0635,P0AD68;P02919;P0AD65,MCTP1App;MCTP2App
801,b1678,P76193,MCTP1Bpp;MLDCP1App;MLDCP1Bpp;MLDCP2App;MLDCP2Bpp;MLDCP3App
802,b0925,P22525,MCTP1Bpp;MLDCP1App;MLDCP1Bpp;MLDCP2App;MLDCP2Bpp;MLDCP3App
803,b0632,P0AEB2,MDDCP1pp;MDDCP2pp;MDDCP3pp;MDDCP4pp;MDDCP5pp
804,b3182,P24228,MDDCP1pp;MDDCP2pp;MDDCP3pp;MDDCP4pp;MDDCP5pp;MDDEP1pp;MDDEP2pp;MDDEP3pp;MDDEP4pp
805,b0839,P08506,MDDCP1pp;MDDCP2pp;MDDCP3pp;MDDCP4pp;MDDCP5pp
806,b2010,P33013,MDDCP1pp;MDDCP2pp;MDDCP3pp;MDDCP4pp;MDDCP5pp
807,b0376,P0AD70,MDDCP1pp;MDDCP2pp;MDDCP3pp;MDDCP4pp;MDDCP5pp;MDDEP1pp;MDDEP2pp;MDDEP3pp;MDDEP4pp
808,b2430,P77619,MDDCP1pp;MDDCP2pp;MDDCP3pp;MDDCP4pp;MDDCP5pp
809,b2328,P0C0T5,MDDEP1pp;MDDEP2pp;MDDEP3pp;MDDEP4pp;MLDEP1pp;MLDEP2pp
810,b2134,P0AFI5,MDDEP1pp;MDDEP2pp;MDDEP3pp;MDDEP4pp
811,b1655,P76190,MDDEP1pp;MDDEP2pp;MDDEP3pp;MDDEP4pp
812,b1856,P0AFS9,MDDEP1pp;MDDEP2pp;MDDEP3pp;MDDEP4pp
813,b3236,P61889,MDH
814,b2210,P33940,MDH2;MDH3
815,b1479,P26616,ME1
816,b2463,P76558,ME2
817,b2515;b2895,P62620;P0ABY4,MECDPDH5
818,b0684;b2515,P61949;P62620,MECDPDH5
819,b2746,P62617,MECDPS
820,b4120,P02921,MELIBt2pp
821,b2747,Q46893,MEPCT
822,b4104;b4105;b4106,P16683;P16682;P16677,MEPNabcpp
823,b2942,P0A817,METAT
824,b0197;b0198;b0199,P28635;P31547;P30750,METDabcpp;METabcpp
825,b1617,P05804,METGLCUR
826,b1616,P0CE44,METGLCURt2pp
827,b1448,P76112,METNA
828,b4019,P13009,METS
829,b3829,P25665,METS
830,b2582;b4219,P0AGG4;P0A744,METSOXR1
831,b3781;b4219,P0AA25;P0A744,METSOXR1
832,b2582;b3551,P0AGG4;P20099,METSOXR1
833,b3551;b3781,P20099;P0AA25,METSOXR1
834,b1778;b2582,P0A746;P0AGG4,METSOXR2
835,b1778;b3781,P0A746;P0AA25,METSOXR2
836,b1832;b3781,P76270;P0AA25,METSOXR2
837,b1832;b2582,P76270;P0AGG4,METSOXR2
838,b4242,P0ABB8,MG2uabcpp;NI2uabcpp
839,b0963,P0A731,MGSA
840,b1990,P39176,MLDCP1App;MLDCP1Bpp;MLDCP2App;MLDCP2Bpp;MLDCP3App
841,b1113,P75954,MLDCP1App;MLDCP1Bpp;MLDCP2App;MLDCP2Bpp;MLDCP3App
842,b0819,P0AAX8,MLDCP1App;MLDCP1Bpp;MLDCP2App;MLDCP2Bpp;MLDCP3App
843,b0403,P21517,MLTG1;MLTG2;MLTG3;MLTG4;MLTG5
844,b2963,P0C066,MLTGY1pp;MLTGY2pp;MLTGY3pp;MLTGY4pp
845,b4392,P0AGC3,MLTGY1pp;MLTGY2pp;MLTGY3pp;MLTGY4pp
846,b2813,P0A935,MLTGY1pp;MLTGY2pp;MLTGY3pp;MLTGY4pp
847,b2701,P41052,MLTGY1pp;MLTGY2pp;MLTGY3pp;MLTGY4pp
848,b1193,P0C960,MLTGY1pp;MLTGY2pp;MLTGY3pp;MLTGY4pp
849,b2558,P0AGC5,MLTGY1pp;MLTGY2pp;MLTGY3pp;MLTGY4pp
850,b0211,P0AEZ7,MLTGY1pp;MLTGY2pp;MLTGY3pp;MLTGY4pp
851,b1097,None,MLTGY1pp;MLTGY2pp;MLTGY3pp;MLTGY4pp
852,b2919,P52045,MMCD
853,b0260,Q47689,MMETt2pp
854,b2917,P27253,MMM
855,b1821,P76264,MN2tipp
856,b2415;b2416;b3599,P0AA04;P08839;P00550,MNLptspp
857,b2415;b2416;b2933;b2934,P0AA04;P08839;P69826;P69824,MNLptspp
858,b2415;b2416;b2702;b2703;b2704,P0AA04;P08839;P56579;P56580;P05706,MNLptspp;SBTptspp
859,b4322,P24215,MNNH
860,b0784;b2530,P30748;P0A6B7,MOADSUx
861,b3633,P0AC75,MOAT;MOAT2
862,b3624,P27241,MOAT3C
863,b0763;b0764;b0765,P37329;P0AF01;P09833,MOBDabcpp;SULabcpp;TUNGSabcpp
864,b2422;b2423;b2424;b3917,P16676;P0AEB0;P16701;P0AG78,MOBDabcpp;SELabcpp;SLNTabcpp;SULabcpp;TSULabcpp
865,b2422;b2423;b2424;b2425,P16676;P0AEB0;P16701;P16700,MOBDabcpp;SELabcpp;SLNTabcpp;SULabcpp;TSULabcpp
866,b2877,Q46810,MOCDS
867,b0134,P31057,MOHMT
868,b0009,P0AF03,MPTAT
869,b0089;b1069;b3208,P0ABG4;P0AF16;P46022,MPTG;MPTG2
870,b0089;b1069;b3396,P0ABG4;P0AF16;P02918,MPTG;MPTG2
871,b0089;b1069;b2519,P0ABG4;P0AF16;P76577,MPTG;MPTG2
872,b0089;b0149;b1069,P0ABG4;P02919;P0AF16,MPTG;MPTG2
873,b0784;b0785,P30748;P30749,MPTS
874,b0826,P12282,MPTSS
875,b1008,P75894,MSAR
876,b0529,P24186,MTHFC;MTHFD
877,b3941,P0AEZ1,MTHFR2
878,b1059,P40874,MTRPOX;SARCOX
879,b3996,P32664,NADDP
880,b2411,P15042,NADDP
881,b1109,P00393,NADH10;NADH5;NADH9
882,b3713,P0AGE6,NADH10;NADH5;NADH9
883,b0046,P0A754,NADH10;NADH5;NADH9
884,b1004,P0A8G6,NADH10;NADH5;NADH9
885,b2276;b2277;b2278;b2279;b2280;b2281;b2282;b2283;b2284;b2285;b2286;b2287;b2288,P0AFF0;P0AFE8;P33607;P0AFE4;P0AFE0;P0AFD6;P0AFD4;P33602;P31979;P0AFD1;P33599;P0AFC7;P0AFC3,NADH16pp;NADH17pp;NADH18pp
886,b0605;b0606,P0AE08;P35340,NADHPO
887,b4167,P31806,NADHXD;NADHXE;NADPHXD;NADPHXE
888,b2615,P0A7B3,NADK
889,b3028,P0AEY5,NADPHQR2;NADPHQR3;NADPHQR4
890,b1740,P18843,NADS1
891,b3962,P27306,NADTRHD
892,b0931,P18133,NAMNPP
893,b1186,P0AFA7,NAt3_1p5pp
894,b0019,P13738,NAt3_2pp
895,b2518,P0A763,NDPK1;NDPK2;NDPK3;NDPK4;NDPK5;NDPK6;NDPK7;NDPK8
896,b0451,P69681,NH4tpp
897,b2710;b2711,Q46877;P37596,NHFRBO
898,b3476;b3477;b3478;b3479;b3480,P33590;P33591;P0AFA9;P33593;P33594,NI2uabcpp
899,b4390,P27278,NMNAT
900,b0639,P0A752,NMNAT;NNATr
901,b2700,P0A6G3,NMNDA
902,b0751,P0AFK2,NMNPtpp
903,b1768,P21369,NNAM
904,b1991,P36562,NNDMBRT
905,b0109,P30011,NNDPR
906,b1223,P10903,NO2t2rpp;NO3t7pp
907,b3367,P0AC26,NO2t2rpp
908,b2202;b2203;b2204;b2205;b2206,P0ABL5;P0ABL3;P33934;P0AAL3;P33937,NO3R1bpp
909,b1465;b1466;b1467;b1468,P0AF32;P19317;P19318;P19319,NO3R1pp;NO3R2pp
910,b1224;b1225;b1226;b1227,P09152;P11349;P0AF26;P11350,NO3R1pp;NO3R2pp
911,b2202;b2203;b2206,P0ABL5;P0ABL3;P33937,NO3R2bpp
912,b1469,P37758,NO3t7pp
913,b2552,P24232,NODOx;NODOy
914,b2744,P0A840,NTD1;NTD10;NTD11;NTD12;NTD2;NTD3;NTD4;NTD5;NTD6;NTD7;NTD8;NTD9;PPA;PPA2
915,b4374,P0A8Y1,NTD1;NTD2;NTD5
916,b2291,P76491,NTD1;NTD12;NTD3;NTD5;NTD6;NTD8
917,b2361,P76514,NTD1;NTD12;NTD3;NTD5;NTD6;NTD7;NTD8;NTD9
918,b0480,P07024,NTD10pp;NTD11pp;NTD12pp;NTD1pp;NTD2pp;NTD3pp;NTD4pp;NTD5pp;NTD6pp;NTD7pp;NTD8pp;NTD9pp;UACGALPpp;UACGAMPpp;UDPGALPpp;UDPGPpp;UGLCURPpp
919,b3399,P64636,NTD11;NTD12;NTD7;NTD8;NTD9
920,b0650,P77319,NTP1
921,b4161,P39286,NTP1;NTP10;NTP3;NTP5
922,b4394,P39411,NTP10;NTP11;NTP12
923,b4352,P24203,NTP3
924,b2727,P0AAN3,NTP3
925,b2918,P27254,NTP3
926,b2173,P33030,NTP3
927,b3590,P14081,NTP3
928,b4173,P25519,NTP3
929,b0980,P07102,NTP3pp;PHYTSpp
930,b2781,P0AEY3,NTPP1;NTPP2;NTPP3;NTPP4;NTPP5;NTPP6;NTPP7;NTPP8
931,b2954,P52061,NTPP10;NTPP11;NTPP9
932,b1759,P77788,NTPP3;NTPP4
933,b0905,P75838,NTPP6
934,b3248,P25536,NTPP7;NTPP8
935,b0160,P15723,NTPTP1;NTPTP2
936,b3365;b3366,P08201;P0A9I8,NTRIR2x
937,b4070;b4071;b4072;b4073,P0ABK9;P0ABL1;P0AAK7;P32709,NTRIR3pp;NTRIR4pp
938,b2027;b2035,P76372;P37748,O16AP1pp;O16AP2pp;O16AP3pp
939,b2033,P37750,O16AT
940,b2037,P37746,O16AUNDtpp
941,b2034,P37749,O16GALFT
942,b2032,P37751,O16GLCT1
943,b0902;b0903;b2579,P0A9N4;P09373;P68066,OBTFL;PFL
944,b0902;b0903,P0A9N4;P09373,OBTFL;PFL
945,b0902;b3114,P0A9N4;P42632,OBTFL;PFL
946,b4254,P04391,OCBT
947,b0273,P06960,OCBT
948,b3187,P0AD57,OCTDPS
949,b0907,P23721,OHPBAT;PSERT;SDPTA
950,b0662,P75728,OMMBLHXy
951,b1281,P08244,OMPDC
952,b2907,P25534,OMPHHXy
953,b0350,P77608,OP4ENH
954,b3843,P0AAB4,OPHBDC
955,b2906,P25535,OPHHXy
956,b2965,P21169,ORNDC
957,b0693,P24169,ORNDC
958,b3642,P0A7E3,ORPT
959,b2373,P0AFI0,OXCDC
960,b1387,P77455,OXCOAHDH
961,b1394;b1397,P77467;P0C7L2,OXDHCOAT
962,b1014,P09546,P5CD;PROD3
963,b0386,P0A9L8,P5CR
964,b1388;b1389;b1390;b1391;b1392,P76077;P76078;P76079;P76080;P76081,PACCOAE
965,b1398,P76085,PACCOAL
966,b1518,P64461,PAI2I
967,b1517,P76143,PAI2T
968,b0133,P31663,PANTS
969,b1278,P0A924,PAPA120;PAPA120pp;PAPA140;PAPA140pp;PAPA141;PAPA141pp;PAPA160;PAPA160pp;PAPA161;PAPA161pp;PAPA180;PAPA180pp;PAPA181;PAPA181pp;PGPP120;PGPP120pp;PGPP140;PGPP140pp;PGPP141;PGPP141pp;PGPP160;PGPP160pp;PGPP161;PGPP161pp;PGPP180;PGPP180pp;PGPP181;PGPP181pp;UDCPDP;UDCPDPpp
970,b0087,P0A6W3,PAPPT3
971,b2582;b2762,P0AGG4;P17854,PAPSR
972,b2762;b3781,P17854;P0AA25,PAPSR
973,b2762;b3610,P17854;P0AC62,PAPSR2
974,b0849;b2762,P68688;P17854,PAPSR2
975,b1064;b2762,P0AC59;P17854,PAPSR2
976,b1654;b2762,P0AC69;P17854,PAPSR2
977,b3253,P26646,PCNO
978,b3032,P0AEW4,PDE1
979,b0114;b0115;b0116,P0AFG8;P06959;P0A9P0,PDH
980,b1638,P0AFI7,PDX5POi;PYAM5PO
981,b0052;b2564,P19624;P0A794,PDX5PS
982,b0766,P21829,PDXPP;PYDXPP
983,b2320,P05459,PERD
984,b3546,P37661,PETNT161pp;PETNT181pp
985,b3916,P0A796,PFK;PFK_2;PFK_3
986,b1723,P06999,PFK
987,b3951;b3952,P32674;P32675,PFL
988,b3176,P31120,PGAMT
989,b4025,P0A6T1,PGI
990,b2926,P0A799,PGK
991,b0767,P52697,PGL
992,b3385,P32662,PGLYCP
993,b0755,P62707,PGM
994,b3612,P37689,PGM
995,b0688,P36938,PGMT
996,b1317,P77366,PGMT
997,b0418,P18200,PGPP120;PGPP120pp;PGPP140;PGPP140pp;PGPP141;PGPP141pp;PGPP160;PGPP160pp;PGPP161;PGPP161pp;PGPP180;PGPP180pp;PGPP181;PGPP181pp
998,b1912,P0ABF8,PGSA120;PGSA140;PGSA141;PGSA160;PGSA161;PGSA180;PGSA181
999,b2873,Q46806,PHDA
1000,b2197;b2198;b2199;b2200;b2201,P69490;P0ABM5;P0ABM1;P0ABL8;P33931,PHEMEabcpp
1001,b0576,P24207,PHEt2rpp
1002,b1473,P46136,PHEtipp;TRPtipp;TYRtipp
1003,b3493,P0AFJ7,PIt2rpp
1004,b2987,P43676,PIt2rpp
1005,b4020,P0AF43,PItpp
1006,b3725;b3726;b3727;b3728,P0AAH0;P07654;P0AGH8;P0AG82,PIuabcpp
1007,b3821,P0A921,PLIPA1A120pp;PLIPA1A140pp;PLIPA1A141pp;PLIPA1A160pp;PLIPA1A161pp;PLIPA1A180pp;PLIPA1A181pp;PLIPA1E120pp;PLIPA1E140pp;PLIPA1E141pp;PLIPA1E160pp;PLIPA1E161pp;PLIPA1E180pp;PLIPA1E181pp;PLIPA1G120pp;PLIPA1G140pp;PLIPA1G141pp;PLIPA1G160pp;PLIPA1G161pp;PLIPA1G180pp;PLIPA1G181pp;PLIPA2A120pp;PLIPA2A140pp;PLIPA2A141pp;PLIPA2A160pp;PLIPA2A161pp;PLIPA2A180pp;PLIPA2A181pp;PLIPA2E120pp;PLIPA2E140pp;PLIPA2E141pp;PLIPA2E160pp;PLIPA2E161pp;PLIPA2E180pp;PLIPA2E181pp;PLIPA2G120pp;PLIPA2G140pp;PLIPA2G141pp;PLIPA2G160pp;PLIPA2G161pp;PLIPA2G180pp;PLIPA2G181pp
1008,b2048,P24175,PMANM
1009,b3412,P13001,PMEACPE
1010,b1103,P0ACE7,PNSPA
1011,b3974,P0A6I3,PNTK
1012,b3258,P16256,PNTOt4pp
1013,b1010,P0AFQ5,POAACR
1014,b0684;b1378,P61949;P52647,POR5
1015,b1378;b2895,P52647;P0ABY4,POR5
1016,b0871,P07003,POX
1017,b2502,P0AFL6,PPA;PPA2
1018,b4226,P0A7A9,PPA
1019,b1015,P07117,PPAt4pp;PROt4pp
1020,b0369,P0ACB2,PPBNGS
1021,b3956,P00864,PPC
1022,b3639,P0ABQ0,PPCDC;PPNCL2
1023,b3403,P22259,PPCK
1024,b2920,P52043,PPCSCT
1025,b2501,P0A7B1,PPK;PPK2
1026,b4383,P0A6K6,PPM;PPM2
1027,b3850,P0ACB4,PPPGO;PPPGO3
1028,b2536,Q47142,PPPNt2rpp
1029,b1702,P23538,PPS
1030,b4005,P15640,PRAGSr
1031,b2499,P08178,PRAIS
1032,b2026,P06989,PRAMPC;PRATPP
1033,b2476,P0A7D7,PRASCSi
1034,b4092,P16692,PRCPD
1035,b2557,P15254,PRFGS
1036,b2024,P10371,PRMICI
1037,b0402,P0AAE2,PROt2rpp
1038,b1207,P0A717,PRPPS
1039,b0908,P0A6D3,PSCVT
1040,b4160,P0A8K1,PSD120;PSD140;PSD141;PSD160;PSD161;PSD180;PSD181
1041,b4388,P0AGB0,PSP_L
1042,b2585,P23830,PSSA120;PSSA140;PSSA141;PSSA160;PSSA161;PSSA180;PSSA181
1043,b2166,P30235,PSURIK
1044,b2164,P33024,PSURItpp
1045,b2297,P0A9M8,PTA2;PTAr
1046,b2458,P77218,PTAr
1047,b3634,P0A6I6,PTPATi
1048,b0692,P0AAF1,PTRCORNt7pp;PTRCt2pp
1049,b3073,P42588,PTRCTA
1050,b0854;b0855;b0856;b0857,P31133;P31134;P31135;P0AFL1,PTRCabcpp
1051,b1440;b1441;b1442;b1443,P76108;P77795;P77156;P0AFR9,PTRCabcpp;SPMDabcpp
1052,b1123;b1124;b1125;b1126,P0AFK9;P0AFK6;P0AFK4;P69874,PTRCabcpp;SPMDabcpp
1053,b1296,P76037,PTRCt2pp
1054,b2014,P0AA47,PTRCt2pp
1055,b1021;b1022,P69432;P75905,PUACGAMS;PUACGAMtr
1056,b2407,P45563,PUNP3;PUNP4;PUNP5;PUNP6;PUNP7
1057,b1636,P77150,PYDXK
1058,b1854,P21599,PYK;PYK2;PYK3;PYK4;PYK6
1059,b1676,P0AD61,PYK
1060,b3831,P12758,PYNP2r
1061,b1007;b1012,P75893;P75898,PYROX
1062,b3029,P0ADU2,QMO2;QMO3
1063,b1692,P0A6D5,QUINDH;QUINDHyi;SHK3Dr
1064,b0750,P11458,QULNS
1065,b4094,P16690,R15BPK
1066,b0415,P61714,RBFSa
1067,b1662,P0AFU8,RBFSb
1068,b3752,P0A9J6,RBK
1069,b0063,P08204,RBK_L1;XYLK;XYLK2
1070,b0061,P08203,RBP4E
1071,b4198,P39306,RBP4E
1072,b3583,P37680,RBP4E
1073,b1394,P77467,REPHACCOAI
1074,b3629,P27126,RHAT1
1075,b2687,P45578,RHCCE
1076,b2247,P77215,RHMND
1077,b3748;b3749;b3750;b3751,P04982;P04983;P0AGI1;P02925,RIBabcpp
1078,b3904,P32171,RMK
1079,b3902,P32169,RMPA
1080,b2234;b2235;b2582,P00452;P69924;P0AGG4,RNDR1;RNDR2;RNDR3;RNDR4
1081,b2234;b2235;b3781,P00452;P69924;P0AA25,RNDR1;RNDR2;RNDR3;RNDR4
1082,b1064;b2675;b2676,P0AC59;P39452;P37146,RNDR1b;RNDR2b;RNDR3b;RNDR4b
1083,b2675;b2676;b3610,P39452;P37146;P0AC62,RNDR1b;RNDR2b;RNDR3b;RNDR4b
1084,b0849;b2675;b2676,P68688;P39452;P37146,RNDR1b;RNDR2b;RNDR3b;RNDR4b
1085,b1654;b2675;b2676,P0AC69;P39452;P37146,RNDR1b;RNDR2b;RNDR3b;RNDR4b
1086,b0684;b3924;b4237;b4238,P61949;P28861;P0A9N8;P28903,RNTR1c2;RNTR2c2;RNTR3c2;RNTR4c2
1087,b2895;b3924;b4237;b4238,P0ABY4;P28861;P0A9N8;P28903,RNTR1c2;RNTR2c2;RNTR3c2;RNTR4c2
1088,b0684;b4238,P61949;P28903,RNTR1c2;RNTR2c2;RNTR3c2;RNTR4c2
1089,b2895;b4238,P0ABY4;P28903,RNTR1c2;RNTR2c2;RNTR3c2;RNTR4c2
1090,b3386,P0AG07,RPE
1091,b2914,P0A7Z0,RPI
1092,b4095,P16689,RPNTPH
1093,b0638,P52086,RZ5PP
1094,b1679;b1680;b1681;b1682;b1683,P76194;P77444;P77689;P77499;P77522,S2FE2SR;S2FE2SS;S2FE2SS2
1095,b1681;b1682;b1683;b1684,P77689;P77499;P77522;P77667,S2FE2ST;S4FE4ST
1096,b1681;b1682;b1683,P77689;P77499;P77522,S4FE4SR
1097,b0222,P63224,S7PI
1098,b1745,P76216,SADH
1099,b2751;b2752,P23845;P21156,SADT2
1100,b2705,P05707,SBTPD
1101,b1679;b1680,P76194;P77444,SCYSDS
1102,b2472,P0AED7,SDPDS
1103,b1764,P16456,SELNPS
1104,b2264,P17109,SEPHCHCS
1105,b0586,P11454,SERASr
1106,b3607,P0A9D4,SERAT
1107,b2366,P00926,SERD_D
1108,b4471,P42630,SERD_L
1109,b1814,P16095,SERD_L
1110,b2797,P30744,SERD_L
1111,b3117,P0AGF6,SERD_L;THRD_L
1112,b2796,P0AAD6,SERt2rpp
1113,b3116,P0AAD8,SERt2rpp;THRt2rpp
1114,b3089,P0AGE4,SERt4pp;THRt4pp
1115,b2154,P33018,SFGTHi
1116,b0355,P51025,SFGTHi
1117,b1744,P76215,SGDS
1118,b1746,P76217,SGSAD
1119,b2263,P37355,SHCHCS3
1120,b3368,P0AEA8,SHCHD2;SHCHF;UPP3MT
1121,b2660,P37339,SHGO
1122,b3281,P15770,SHK3Dr
1123,b3390,P0A6D7,SHKK
1124,b0388,P0A6E1,SHKK
1125,b3939,P00935,SHSL1
1126,b1981,P76350,SKMt2pp
1127,b2413,P0A6J3,SO4t2pp
1128,b1584,P0A951,SPMDAT1;SPMDAT2
1129,b1599;b1600,P69210;P69212,SPMDt3pp
1130,b3908,P00448,SPODM
1131,b1656,P0AGD3,SPODM
1132,b1646,P0AGD1,SPODMpp
1133,b3878,P32138,SQGH
1134,b3880,P32140,SQVOSI
1135,b3876,P32136,SQtr
1136,b1525,P76149,SSALx;SSALy
1137,b2661,P25526,SSALy
1138,b2260,P37353,SUCBZL
1139,b2261,P29208,SUCBZS
1140,b0721;b0722;b0723;b0724,P69054;P0AC44;P0AC41;P07014,SUCDi
1141,b0728;b0729,P0A836;P0AGE9,SUCOAS
1142,b1521,P0A6L7,TAGURr
1143,b0008,P0A870,TALA
1144,b2464,P0A867,TALA
1145,b3061;b3062,P05847;P0AC35,TARTD
1146,b3063,P39414,TARTRt7pp
1147,b0368,P37610,TAUDO
1148,b3790,P27832,TDPADGAT
1149,b3791,P27833,TDPAGTA
1150,b2038,P37745,TDPDRE
1151,b2040,P37760,TDPDRR
1152,b3788,P27830,TDPGDH
1153,b2041,P37759,TDPGDH
1154,b0915,P27300,TDSK
1155,b2893;b4136,P0AEG6;P36655,TDSR1
1156,b0604;b4136,P77202;P36655,TDSR2
1157,b1430,P25397,TEO2M
1158,b3132;b3137,P0C8K0;P0AB74,TGBPA
1159,b2095;b2096,P0C8J8;P0C8J6,TGBPA
1160,b1602;b1603,P0AB67;P07001,THD2pp
1161,b0166,P0A9D8,THDPS
1162,b2480;b3781,P0AE52;P0AA25,THIORDXi
1163,b2480;b2582,P0AE52;P0AGG4,THIORDXi
1164,b0066;b0067;b0068,P31548;P31549;P31550,THMabcpp
1165,b3616,P07913,THRD
1166,b3589,P37686,THRD
1167,b3772,P04968,THRD_L
1168,b0004,P00934,THRS
1169,b3823,P0AG38,THRt2pp
1170,b0423;b2530;b3990;b3992;b4407,P77718;P0A6B7;P30140;P30138;O32583,THZPSN3
1171,b2935,P27302,TKT1;TKT2
1172,b2465,P33570,TKT1;TKT2
1173,b0996;b0997,P33226;P33225,TMAOR1pp;TMAOR2pp
1174,b2827,P0A884,TMDS
1175,b1106,P75948,TMK
1176,b0417,P0AGG0,TMPK
1177,b3993,P30137,TMPPP
1178,b3919,P0A858,TPI
1179,b0613,P77231,TPRDCOAS
1180,b0888;b3781,P0A9P4;P0AA25,TRDR
1181,b0888;b2582,P0A9P4;P0AGG4,TRDR
1182,b4239,P28904,TRE6PH
1183,b1897,P31678,TRE6PP
1184,b1896,P31677,TRE6PS
1185,b3519,P62601,TREH
1186,b1197,P13482,TREHpp
1187,b2415;b2416;b2417;b4240,P0AA04;P08839;P69783;P36672,TREptspp
1188,b1260;b1261,P0A877;P0A879,TRPS1;TRPS2;TRPS3
1189,b3709,P23173,TRPt2rpp
1190,b0509,P77161,TRSARr
1191,b3125,P0ABQ2,TRSARr
1192,b3991,P30139,TYRL
1193,b1907,P0AAD4,TYRt2rpp
1194,b0179,P21645,U23GAAT
1195,b0085,P22188,UAAGDS
1196,b3787,P27829,UACMAMO
1197,b3786,P27828,UAG2E
1198,b0181;b1094,P0A722;P0A6A8,UAGAAT
1199,b3189,P0A749,UAGCVT
1200,b0090,P17443,UAGPT3
1201,b0088,P14900,UAMAGS
1202,b0091,P17952,UAMAS
1203,b3972,P08373,UAPGR
1204,b0841,P75806,UDCPDP;UDCPDPpp
1205,b3057,P60932,UDCPDP;UDCPDPpp
1206,b0174,P60472,UDCPDPS
1207,b0759,P09147,UDPG4E
1208,b2036,P37747,UDPGALM
1209,b2028,P76373,UDPGD
1210,b2255,P77398,UDPGDC;ULA4NFT
1211,b2047,P71241,UDPGPT
1212,b2253,P77690,UDPKAAT
1213,b0515,P75713,UGCIAMH
1214,b0758,P09148,UGLT
1215,b0505,P77731,UGLYCH
1216,b0086,P11880,UGMDDS
1217,b0096,P0A725,UHGADA
1218,b2258;b4544,P76474;Q47377,ULA4Ntppi
1219,b4233,P37773,UM3PL;UM4PL
1220,b0171,P0A7E9,UMPK
1221,b2256,P76472,UPLA4FNF
1222,b2254,P77757,UPLA4FNT
1223,b3804,P09126,UPP3S
1224,b3997,P29680,UPPDC1
1225,b2498,P0A8F0,UPPRT
1226,b1011,P75897,URACPAH
1227,b2888,Q46821,URATEtpp;XANt2pp
1228,b2497,P0AGM7,URAt2pp
1229,b1006,P75892,URAt2pp
1230,b0517,P77555,URDGLYCD
1231,b0524,P43341,USHD
1232,b2682;b2683,P76630;P43667,VALt3pp
1233,b3572,P09053,VPAMTr
1234,b4197,P39305,X5PL3E
1235,b3582,P37679,X5PL3E
1236,b2882,P67444,XANt2pp
1237,b3656,P31434,XYHDL
1238,b3565,P00944,XYLI1;XYLI2
1239,b3566;b3567;b3568,P37387;P37388;P0AGI4,XYLabcpp
1240,b4031,P0AGF4,XYLt2pp
1241,b2165,P33025,YUMPS
1242,b1857;b1858;b1859,P39172;P0A9X1;P39832,ZNabcpp
